ref_fnr,ref_int,famille,sous_famille,designation,specificite,dimension,couleur,h5,h4,H3,H8,H7,total,qte_plus_10,prepare,charge,commander,location,stock,slode_stock,observation,inventaire_fait_le
,,AUDIO / VIDEO,ECRANS,BORNE TACTILE,,,,,,,,,0,0,,,,,2,2,,
,HL55,AUDIO / VIDEO,ECRANS,HAUTE LUMINOSITE 55'',,,,,,,,,0,0,,,,,4,4,,
,HL75,AUDIO / VIDEO,ECRANS,HAUTE LUMINOSITE 75'',,,,,,,,,0,0,,,,,4,4,,
,,AUDIO / VIDEO,ECRANS,LCD 24'',,,,,,,,,0,0,,,,,2,2,,
,LCD32,AUDIO / VIDEO,ECRANS,LCD 32'',,,,,,,,,0,0,,,,,2,2,,
,LCD42,AUDIO / VIDEO,ECRANS,LCD 43'',,,,,,,,,0,0,,,,,20,20,,
,LCD50,AUDIO / VIDEO,ECRANS,LCD 49'',,,,,,,,,0,0,,,,,4,4,,
,LCD55,AUDIO / VIDEO,ECRANS,LCD 55'',,,,,,,,,0,0,,,,,4,4,,
,LCD65,AUDIO / VIDEO,ECRANS,LCD 65'',,,,,,,,,0,0,,,,,4,4,,
,LCD75,AUDIO / VIDEO,ECRANS,LCD 75'',,,,,,,,,0,0,,,,,2,2,,
,PLA103,AUDIO / VIDEO,ECRANS,PLASMA 103'',,,,,,,,,0,0,,,,,1,1,,
,,AUDIO / VIDEO,ECRANS,TABLE TACTILE 42'',,,,,,,,,0,0,,,,,1,1,,
,,AUDIO / VIDEO,ACCESSOIRE,PILES,,AA + AAA,,,,,,,0,0,,,,,,0,,
,,AUDIO / VIDEO,ACCESSOIRE,TELECOMMANDE POWERPOINT,,,,,,,,,0,0,,,,,,0,,
,,AUDIO / VIDEO,ECRANS CABLAGE,CABLE HDMI,Ecran ==> Ordi,"1,5m à 3m",,,,,,,0,0,,,,,,0,,
,,AUDIO / VIDEO,ECRANS CABLAGE,CABLE HDMI,,5m,,,,,,,0,0,,,,,,0,,
,,AUDIO / VIDEO,ECRANS CABLAGE,CABLE HDMI,,10m,,,,,,,0,0,,,,,,0,,
,,AUDIO / VIDEO,ECRANS CABLAGE,CABLE HDMI,,15m,,,,,,,0,0,,,,,,0,,
,,AUDIO / VIDEO,ECRANS CABLAGE,DISTRI HDMI,,1 POUR 4,,,,,,,0,0,,,,,,0,,
,,AUDIO / VIDEO,ECRANS CABLAGE,SPLITTER HDMI 1>8,,,,,,,,,0,0,,,,,,0,,
,,AUDIO / VIDEO,ECRANS CABLAGE,ENROULEUR SDI,,50m,,,,,,,0,0,,,,,,0,,
,,AUDIO / VIDEO,ECRANS CABLAGE,ENROULEUR SDI,,100m,,,,,,,0,0,,,,,,0,,
,,AUDIO / VIDEO,ECRANS CABLAGE,ADAPTATEUR SDI VERS HDMI,,,,,,,,,0,0,,,,,,0,,
,,AUDIO / VIDEO,ECRANS CABLAGE,ADAPTATEUR HDMI VERS SDI,,,,,,,,,0,0,,,,,,0,,
,,AUDIO / VIDEO,ECRANS CABLAGE,SDI ==> 5 sorties,,,,,,,,,0,0,,,,,,0,,
,,AUDIO / VIDEO,ECRANS CABLAGE,KIT LG,,,,,,,,,0,0,,,,,,0,,
,,AUDIO / VIDEO,ECRANS CABLAGE,KIT VIDEO,,,,,,,,,0,0,,,,,,0,,
,,AUDIO / VIDEO,ECRANS FIXATIONS,ANNEAUX ELINGAGE,,,,,,,,,0,0,,,,,,0,,
,,AUDIO / VIDEO,ECRANS FIXATIONS,BUMPER,,1M,,,,,,,0,0,,,,,,0,,
,,AUDIO / VIDEO,ECRANS FIXATIONS,BUMPER,,2M,,,,,,,0,0,,,,,,0,,
,,AUDIO / VIDEO,ECRANS FIXATIONS,CABLETTE NOIRE / GRIPPLE,,,,,,,,,0,0,,,,,,0,,
,A0043,AUDIO / VIDEO,ECRANS FIXATIONS,SUPPORT SALLE,SUPPORT SALLE,,,,,,,,0,0,,,,,,0,,
,T4255,AUDIO / VIDEO,ECRANS FIXATIONS,PIEDS SUPPORT,De 32'' à 55'',,,,,,,,0,0,,,,,18,18,,
,A0043,AUDIO / VIDEO,ECRANS FIXATIONS,PLATINE MURALE,Support Mural,,,,,,,,0,0,,,,,,0,,
,,AUDIO / VIDEO,ECRANS FIXATIONS,SUPPORT ALUVISION,Platine + Contre Platine,,,,,,,,0,0,,,,,,0,,
,A0042,AUDIO / VIDEO,ECRANS FIXATIONS,SUPPORT MODULAIRE,Fer plat en S,,,,,,,,0,0,,,,,,0,,
,,AUDIO / VIDEO,ECRANS FIXATIONS,PIEDS SUPPORT LOURD ,Pour ecran LG 55'',,,,,,,,0,0,,,,,,0,,
,,AUDIO / VIDEO,ECRANS FIXATIONS,SUPPORTS STRUCTURE,Pour Ecrans LG 75'',,,,,,,,0,0,,,,,,0,,
,,AUDIO / VIDEO,ECRANS FIXATIONS,CALE MOUSSE 50mm,Pour Ecrans LG 75'',,,,,,,,0,0,,,,,,0,,
,,AUDIO / VIDEO,MUR LED,"DALLE LED PITCH 2,5 ",,500x500,,,,,,,0,0,,,,,,0,,
,,AUDIO / VIDEO,MUR LED,"DALLE LED PITCH 2,5 :  COMMANDES M²",,,,,,,,,0,0,,,,,100,100,,
,,AUDIO / VIDEO,MUR LED,"DALLE LED PITCH 2,5 : EQUIVALENT DALLES",4 Dalles / M²,,,,,,,,0,0,,,,,,0,,
,,AUDIO / VIDEO,MUR LED,"DALLE LED PITCH 2,5 : EQUIVALENT FLY",10 Dalles / Fly,,,,,,,,0,0,,,,,,0,,
,,AUDIO / VIDEO,MUR LED CONNEXION,CABLE SECTEUR POWERCON 1 M,,,,,,,,,0,0,,,,,,0,,
,,AUDIO / VIDEO,MUR LED CONNEXION,CABLE SECTEUR POWERCON 10 M,,,,,,,,,0,0,,,,,,0,,
,,AUDIO / VIDEO,MUR LED CONNEXION,CABLE SIGNAL RJ45 1 M,,,,,,,,,0,0,,,,,,0,,
,,AUDIO / VIDEO,MUR LED CONNEXION,CABLE SIGNAL RJ45 20 M,,,,,,,,,0,0,,,,,,0,,
,,AUDIO / VIDEO,MUR LED CONTRÔLE,PROCESSEUR VX4S,,,,,,,,,0,0,,,,,,0,,
,,AUDIO / VIDEO,MUR LED CONTRÔLE,PROCESSEUR VX6S,,,,,,,,,0,0,,,,,,0,,
,,AUDIO / VIDEO,MUR LED CONTRÔLE,PROCESSEUR VX600,,,,,,,,,0,0,,,,,,0,,
,,AUDIO / VIDEO,MUR LED CONTRÔLE,PROCESSEUR VX1000,,,,,,,,,0,0,,,,,,0,,
,,AUDIO / VIDEO,MUR LED CONTRÔLE,PROCESSEUR UHD JR,,,,,,,,,0,0,,,,,,0,,
,,AUDIO / VIDEO,MUR LED DIFFUSION,PLAYER BRIGHTSIGN XD232,,,,,,,,,0,0,,,,,,0,,
,,AUDIO / VIDEO,MUR LED DIFFUSION,PLAYER BRIGHTSIGN XD1034,,,,,,,,,0,0,,,,,,0,,
,,AUDIO / VIDEO,MUR LED DIFFUSION,PLAYER BRIGHTSIGN LS424,,,,,,,,,0,0,,,,,,0,,
,,AUDIO / VIDEO,MUR LED DIFFUSION,MCTRL 300,,,,,,,,,0,0,,,,,,0,,
,,AUDIO / VIDEO,MUR LED DIFFUSION,TB60,,,,,,,,,0,0,,,,,,0,,
,,AUDIO / VIDEO,MUR LED DIFFUSION,MCTRL RS,,,,,,,,,0,0,,,,,,0,,
,,AUDIO / VIDEO,MUR LED DIFFUSION,TU20 PRO,,,,,,,,,0,0,,,,,,0,,
,,AUDIO / VIDEO,MUR LED DIFFUSION,PC VIDEO,,,,,,,,,0,0,,,,,,0,,
,,AUDIO / VIDEO,SON CONNEXION,CABLES MODULE,Cablage module,,,,,,,,0,0,,,,,,0,,
,,AUDIO / VIDEO,SON CONNEXION,CABLES SPEAKON,10m,,,,,,,,0,0,,,,,,0,,
,,AUDIO / VIDEO,SON CONNEXION,CABLES SPEAKON,20m,,,,,,,,0,0,,,,,,0,,
,,AUDIO / VIDEO,SON CONNEXION,MULTIPAIRE 30m,,,,,,,,,0,0,,,,,,0,,
,,AUDIO / VIDEO,SON CONNEXION,MODULE 20m,,,,,,,,,0,0,,,,,,0,,
,,AUDIO / VIDEO,SON CONNEXION,MODULE 15m,,,,,,,,,0,0,,,,,,0,,
,,AUDIO / VIDEO,SON CONNEXION,MODULE 10m,,,,,,,,,0,0,,,,,,0,,
,,AUDIO / VIDEO,SON CONNEXION,MODULE 5m,,,,,,,,,0,0,,,,,,0,,
,,AUDIO / VIDEO,SON CONNEXION,MODULE 3m,,,,,,,,,0,0,,,,,,0,,
,,AUDIO / VIDEO,SON DIFF,AMPLIFICATEUR ,LDP600,,,,,,,,0,0,,,,,,0,,
,,AUDIO / VIDEO,SON DIFF,AMPLIFICATEUR ,LDP1600,,,,,,,,0,0,,,,,,0,,
,,AUDIO / VIDEO,SON DIFF,ENCEINTE 300W ,8'' ou 10'',,,,,,,,0,0,,,,,,0,,
,,AUDIO / VIDEO,SON DIFF,ENCIENTE ACTIVE DDQ 12,prendre shuko d'alim,,,,,,,,0,0,,,,,,0,,
,,AUDIO / VIDEO,SON DIFF,CAISSON GRAVE ACTIF DDQ,prendre shuko d'alim,,,,,,,,0,0,,,,,,0,,
,,AUDIO / VIDEO,SON DIFF,BARRE DE COUPLAGE,couplage Sub + Satelite,,,,,,,,0,0,,,,,,0,,
,,AUDIO / VIDEO,SON DIFF,CONSOLE SON AUDIOPHONY,MIXTOUCH 8,,,,,,,,0,0,,,,,,0,,
,,AUDIO / VIDEO,SON DIFF,CONSOLE SON AUDIOPHONY,MIXTOUCH 20,,,,,,,,0,0,,,,,,0,,
,,AUDIO / VIDEO,SON DIFF,CONSOLE SON ,LAX 12,,,,,,,,0,0,,,,,,0,,
,,AUDIO / VIDEO,SON DIFF,SPLITER AUDIO,,,,,,,,,0,0,,,,,,0,,
,,AUDIO / VIDEO,SON DIFF,ENCEINTES AMPLIFIEES CURV SYSTEM,1 Caisson + 4 Enceintes,,,,,,,,0,0,,,,,,0,,
,,AUDIO / VIDEO,SON DIFF,PIEDS D'ENCEINTES EMBASE GRAVITY,,,,,,,,,0,0,,,,,,0,,
,,AUDIO / VIDEO,SON DIFF,PIEDS D'ENCEINTES ,,,,,,,,,0,0,,,,,,0,,
,,AUDIO / VIDEO,SON DIFF,KIT SON,CURV 500,,,,,,,,0,0,,,,,,0,,
,,AUDIO / VIDEO,SON DIFF,KIT SON,01/02/2003,,,,,,,,0,0,,,,,,0,,
,,AUDIO / VIDEO,SON DIFF,SHUKO,,,,,,,,,0,0,,,,,,0,,
,,AUDIO / VIDEO,SON DIFF,ENROULEUR RJ45,,50M,,,,,,,0,0,,,,,,0,,
,,AUDIO / VIDEO,SON DIFF,Mini media player,,,,,,,,,0,0,,,,,,0,,
,,AUDIO / VIDEO,SON MICROS,BONNETTES ,,,,,,,,,0,0,,,,,,0,,
,,AUDIO / VIDEO,SON MICROS,BONNETTES PROTECTION COVID ,Jetables,,,,,,,,0,0,,,,,,0,,
,,AUDIO / VIDEO,SON MICROS,MICRO FILAIRE SENNHEISER E835S,,,,,,,,,0,0,,,,,,0,,
,,AUDIO / VIDEO,SON MICROS,MICRO HF WIN42 SOLO,,,,,,,,,0,0,,,,,,0,,
,,AUDIO / VIDEO,SON MICROS,MICRO HF WIN42 DOUBLE,,,,,,,,,0,0,,,,,,0,,
,,AUDIO / VIDEO,SON MICROS,MICRO HF WS1000,,,,,,,,,0,0,,,,,,0,,
,,AUDIO / VIDEO,SON MICROS,PUPITRE PLEXI MICRO COL DE CIGNE,,,,,,,,,0,0,,,,,,0,,
,,AUDIO / VIDEO,SON MIX,TABLETTE DE CONTRÔLE,,,,,,,,,0,0,,,,,,0,,
,,AUDIO / VIDEO,SON REC,ENREGISTREUR MP3,CLE USB,,,,,,,,0,0,,,,,,0,,
,,AUDIO / VIDEO,INFORMATIQUE,MALETTE BOX 4G + CAMERA WIFI,,,,,,,,,0,0,,,,,,0,,
,,AUDIO / VIDEO,INFORMATIQUE,TABLETTE ANDROID,,,,,,,,,0,0,,,,,,0,,
,,AUDIO / VIDEO,INFORMATIQUE,clavier + souris,,,,,,,,,0,0,,,,,,0,,
,,AUDIO / VIDEO,INFORMATIQUE,SPLITTER RESEAU RJ45,,,,,,,,,0,0,,,,,,0,,
,,AUDIO / VIDEO,INFORMATIQUE,CABLE RJ45 3m/5m,,,,,,,,,0,0,,,,,,0,,
,,AUDIO / VIDEO,INFORMATIQUE,CABLE RJ45 20m,,,,,,,,,0,0,,,,,,0,,
,,AUDIO / VIDEO,INFORMATIQUE,ALIM ,,20M,,,,,,,0,0,,,,,,0,,
,,AUDIO / VIDEO,INFORMATIQUE,ALIM ,,1M,,,,,,,0,0,,,,,,0,,
,,CHAUFFAGE,CHAUFFAGE,AEROTHERME 15Kw,,,,,,,,,0,0,,,,,,0,,
,,CHAUFFAGE,CHAUFFAGE,RADIAN,,,,,,,,,0,0,,,,,,0,,
,,DECO,ACCESSOIRES POSE,ADHESIF BLANC 50mm,Carton,,,,,,,,0,0,,,,,,0,,
,,DECO,ACCESSOIRES POSE,ADHESIF DF SURFACE FRAGILE,Carton,,,,,,,,0,0,,,,,,0,,
,,DECO,ACCESSOIRES POSE,BANDE ADHESIVE POUR SOL,,,Noir,,,,,,0,0,,,,,,0,,
,,DECO,ACCESSOIRES POSE,DOUBLE FACE 25mm,Carton,,,,,,,,0,0,,,,,,0,,
,,DECO,ACCESSOIRES POSE,GABARIT EMPORTE CERCLE MOQUETTE,,,,,,,,,0,0,,,,,,0,,
,,DECO,ACCESSOIRES POSE,GAFFEUR BLANC 20mm,,,,,,,,,0,0,,,,,,0,,
,,DECO,ACCESSOIRES POSE,GAFFEUR NOIR / GRIS 50mm,,,,,,,,,0,0,,,,,,0,,
,,DECO,ACCESSOIRES POSE,MARTEAU,,,,,,,,,0,0,,,,,,0,,
,,DECO,ACCESSOIRES POSE,PINCES COUPANTES,,,,,,,,,0,0,,,,,,0,,
,,DECO,ACCESSOIRES POSE,POLYANE,,,Transparent,,,,,,0,0,,,,,,0,,
,,DECO,TAPISSERIE,"COTON GRATE BLEU 2,5 M au ml",,,Bleu,,,,,,0,0,,,,,,0,,
,,DECO,TAPISSERIE,"COTON GRATE GRIS 2,5 M au ml",,,Gris,,,,,,0,0,,,,,,0,,
,,DECO,TAPISSERIE,"COTON GRATE NOIR 2,5 M au ml",ml,,Noir,,,,,,0,0,,,,,,0,,
,,DECO,TAPISSERIE,"COTON GRATE NOIR 3,1 M au ml",ml,,Noir,,,,,,0,0,,,,,,0,,
,,DECO,TAPISSERIE,"COTON GRATE ANTRACITHE 2,6 M au ml",ml,,Noir,,,,,,0,0,,,,,,0,,
,,DECO,TAPISSERIE,"COTON GRATE BLANC 2,5 M",ml,,Blanc,,,,,,0,0,,,,,,0,,
,,DECO,TAPISSERIE,"COTON GRATE NOIR RIDEAU  1,5M au ml",,1500 x 2500,Noir,,,,,,0,0,,,,,,0,,
,,DECO,TAPISSERIE,COTON GRATE NOIR RIDEAU 2M ,,2000 X 2500,Noir,,,,,,0,0,,,,,,0,,
,,DECO,TAPISSERIE,COTON GRATE NOIR RIDEAU 3M ,,3000 x 2500,Noir,,,,,,0,0,,,,,,0,,
,,DECO,TAPISSERIE,COTON GRATE NOIR RIDEAU 5M,,5000 x 2500,,,,,,,0,0,,,,,,0,,
,,DECO,TAPISSERIE,TASSEAUX raboté,ml,,,,,,,,0,0,,,,,,0,,
,,DECO,TAPISSERIE,LINO BOIS NOIR,,,Bois Sombre,,,,,,0,0,,,,,,0,,
1208,,DECO,TAPISSERIE,LINO CHENE CLAIR,Rouleaux,,Bois Clair,,,,,,0,0,,,,,,0,,
1025,,DECO,TAPISSERIE,LINO EFFET BETON,Rouleaux,,Effet beton,,,,,,0,0,,,,,,0,,
,,DECO,TAPISSERIE,MOQUETTE MANDARINE,Rouleaux,,Mandarine,,,,,,0,0,,,,,,0,,
1234,,DECO,TAPISSERIE,MOQUETTE ATOLL BLEUE,Rouleaux 3m,,Atoll Blue,,,,,,0,0,,,,,,0,,
1059,,DECO,TAPISSERIE,MOQUETTE BLACK TULIP,Rouleaux,,Black Tulip,,,,,,0,0,,,,,,0,,
910,,DECO,TAPISSERIE,MOQUETTE BLACK ,,,Black,,,,,,0,0,,,,,,0,,
9312,,DECO,TAPISSERIE,MOQUETTE BRICK RED,,,Brick red,,,,,,0,0,,,,,,0,,
,,DECO,TAPISSERIE,MOQUETTE LAVENDER,,,Lavender,,,,,,0,0,,,,,,0,,
,,DECO,TAPISSERIE,MOQUETTE TURQUOISE,,,Turquoise,,,,,,0,0,,,,,,0,,
1251,,DECO,TAPISSERIE,MOQUETTE CITRONNELE GREEN,Rouleaux,,Citonnelle Green,,,,,,0,0,,,,,,0,,
64,,DECO,TAPISSERIE,MOQUETTE ELECTRIC BLEUE,Rouleaux,,Electric Blue,,,,,,0,0,,,,,,0,,
910,,DECO,TAPISSERIE,MOQUETTE BLACK,Rouleaux,,Black,,,,,,0,0,,,,,,0,,
9631,,DECO,TAPISSERIE,MOQUETTE SPREEN GREEN,Rouleaux,,Spreen Green,,,,,,0,0,,,,,,0,,
9312,,DECO,TAPISSERIE,MOQUETTE BRICK RED,Rouleaux,,Brick red,,,,,,0,0,,,,,,0,,
965,,DECO,TAPISSERIE,MOQUETTE GRAPHITE,Rouleaux,,Graphite,,,,,,0,0,,,,,,0,,
,,DECO,TAPISSERIE,MOQUETTE SKY BLUE,Rouleaux,,Sky Blue,,,,,,0,0,,,,,,0,,
1262,,DECO,TAPISSERIE,MOQUETTE FRAMBOISE,,,Framboise,,,,,,0,0,,,,,,0,,
,,DECO,TAPISSERIE,MOQUETTE VIOLET,ml,,Violet,,,,,,0,0,,,,,,0,,
965,,DECO,TAPISSERIE,MOQUETTE GRAPHITE,ml,,Graphite,,,,,,0,0,,,,,,0,,
41,,DECO,TAPISSERIE,MOQUETTE GRASS GREEN,,,Grass Greeen,,,,,,0,0,,,,,,0,,
1334,,DECO,TAPISSERIE,MOQUETTE HAWAÏAN OCEAN,,,Hawaian océan,,,,,,0,0,,,,,,0,,
954,,DECO,TAPISSERIE,MOQUETTE MARINE,Rouleaux 3m,,Marine,,,,,,0,0,,,,,,0,,
901,,DECO,TAPISSERIE,MOQUETTE MID GREY,,,mid greey,,,,,,0,0,,,,,,0,,
915,,DECO,TAPISSERIE,MOQUETTE MOUSSY GREY,,,Moussy grey,,,,,,0,0,,,,,,0,,
7,,DECO,TAPISSERIE,MOQUETTE ORANGE,Rouleaux 3m,,Orange,,,,,,0,0,,,,,,0,,
9661,,DECO,TAPISSERIE,MOQUETTE PISTACHIO,,,Pistachio,,,,,,0,0,,,,,,0,,
1129,,DECO,TAPISSERIE,MOQUETTE PRUNE,Rouleaux 3m,,Prune,,,,,,0,0,,,,,,0,,
824,,DECO,TAPISSERIE,MOQUETTE ROYAL BLUE,Rouleaux,,Royal Blue,,,,,,0,0,,,,,,0,,
,,DECO,TAPISSERIE,PENDRILLON NOIR,,,,,,,,,0,0,,,,,,0,,
,,DECO,TAPISSERIE,PENDRILLON NOIR,,,,,,,,,0,0,,,,,,0,,
,,DECO,TAPISSERIE,PENDRILLON NOIR,,,,,,,,,0,0,,,,,,0,,
,,DECO,TAPISSERIE,FRISE DESSUS DE PORTE,,,,,,,,,0,0,,,,,,0,,
,,DECO,TAPISSERIE,"PENDRILLON NOIR 3,6 M - ml",,,Noir,,,,,,0,0,,,,,,0,,
,,DECO,TAPISSERIE,RIDEAU FIL,,1850 x 850,Blanc,,,,,,0,0,,,,,,0,,
,,DECO,TAPISSERIE,VELUM 'BAIKAL',,14000 x 9000,Blanc,,,,,,0,0,,,,,,0,,
,,DECO,TAPISSERIE,VELUM 'BALTIQUE',"réel 17,35x7,11m","20,35X11,35m",Blanc,,,,,,0,0,,,,,,0,,
,,DECO,TAPISSERIE,VELUM 'BOSPHORE',,12000 x 12000,Blanc,,,,,,0,0,,,,,,0,,
,,DECO,TAPISSERIE,VELUM 'DANUBE',"réel 17,35x7,11m","17,35x8,85m",Blanc,,,,,,0,0,,,,,,0,,
,,DECO,TAPISSERIE,VELUM 'IDEAL',,5000 x 3000,Noir,,,,,,0,0,,,,,,0,,
,,DECO,TAPISSERIE,VELUM 'MEDITERRANEE',,15000 x 9000,Blanc,,,,,,0,0,,,,,,0,,
,,DECO,TAPISSERIE,VELUM 'MEKONG',"réel 17,35x6,85m","17,35x8,35m",Blanc,,,,,,0,0,,,,,,0,,
,,DECO,TAPISSERIE,VELUM 'MISSISSIPI',,14500 x 12000,Blanc,,,,,,0,0,,,,,,0,,
,,DECO,TAPISSERIE,VELUM 'TAMISE',,13500x 8000,Blanc,,,,,,0,0,,,,,,0,,
,,DECO,TAPISSERIE,VELUM 'VOLGA',,1100 x 10500,Blanc,,,,,,0,0,,,,,,0,,
,,DECO,TAPISSERIE,VELUM ORGANZA 'CONNECTE',,14000 x 5000,Noir,,,,,,0,0,,,,,,0,,
,,DECO,TAPISSERIE,VELUMS,VELUMS,,,,,,,,0,0,,,,,,0,,
,,DECO,TAPISSERIE,VELUMS,BAGUETTES VELUM ml,,Noir,,,,,,0,0,,,,,,0,,
,,DECO,TAPISSERIE,VELUMS,Filet camouflage,5x5m,Blanc,,,,,,0,0,,,,,,0,,
,,DECO,TAPISSERIE,PINCE VELUM,,,,,,,,,0,0,,,,,,0,,
,,DIVERS,PAPETERIE,CARNETS D'INTERVENTION,,,,,,,,,0,0,,,,,,0,,
,,DIVERS,PAPETERIE,STYLO,,,,,,,,,0,0,,,,,,0,,
,,DIVERS,PAPETERIE,MARQUEURS,,,,,,,,,0,0,,,,,,0,,
,,DIVERS,PAPETERIE,IMPRIMANTE,,,,,,,,,0,0,,,,,,0,,
,,DIVERS,PAPETERIE,RAMETTE PAPIER A4,,,,,,,,,0,0,,,,,,0,,
,,DIVERS,PAPETERIE,CISEAUX,,,,,,,,,0,0,,,,,,0,,
,,DIVERS,PAPETERIE,AGRAFEUSE,,,,,,,,,0,0,,,,,,0,,
,,DIVERS,PAPETERIE,AGRAFES,,,,,,,,,0,0,,,,,,0,,
,,ECLAIRAGE,ECLAIRAGE SALON,BLOCS SECOURS,,,,,,,,,0,0,,,,,,0,,
,,ECLAIRAGE,ECLAIRAGE SALON,PELLE LED 20 W,,,Alu,,,,,,0,0,,,,,175,175,,
,,ECLAIRAGE,ECLAIRAGE SALON,PELLE LED 20 W,avec crochet structure scenique,,Alu,,,,,,0,0,,,,,175,175,,
,,ECLAIRAGE,ECLAIRAGE SALON,PELLE LED 35W,,,Alu,,,,,,0,0,,,,,106,106,,
,,ECLAIRAGE,ECLAIRAGE SALON,"RAIL EXPOLED 0,5 M",,,Alu,,,,,,0,0,,,,,18,18,,
,,ECLAIRAGE,ECLAIRAGE SALON,RAIL EXPOLED 1 M,,,Alu,,,,,,0,0,,,,,800,800,,
,,ECLAIRAGE,ECLAIRAGE SALON,SPOT ENCASTRE,,,,,,,,,0,0,,,,,,0,,
,,ECLAIRAGE,ECLAIRAGE SALON,SPOT TIGE LED 7W,,,,,,,,,0,0,,,,,39,39,,
,,ECLAIRAGE,ECLAIRAGE SALON,SUSPENSION AJOUR BLANC,diametre 70cm,,,,,,,,0,0,,,,,,0,,
,,ECLAIRAGE,ECLAIRAGE SALON,LAMPADAIRE LEDS TYPE IKEA,,,,,,,,,0,0,,,,,,0,,
,,ECLAIRAGE,ECLAIRAGE SCENE,FRESNEL,,,,,,,,,0,0,,,,,,0,,
,,ECLAIRAGE,ECLAIRAGE SCENE,PAR LED 18x8W,,,Noir,,,,,,0,0,,,,,,0,,
,,ECLAIRAGE,ECLAIRAGE SCENE,PAR LED FLAT 7x3W,,,Noir,,,,,,0,0,,,,,,0,,
,,ECLAIRAGE,ECLAIRAGE SCENE,PROJECTEUR LED 100W,,,Gris,,,,,,0,0,,,,,,0,,
,,ECLAIRAGE,ECLAIRAGE SCENE,PROJECTEUR LED 200W,,,Gris,,,,,,0,0,,,,,,0,,
,,ECLAIRAGE,ECLAIRAGE SCENE,PROJECTEUR LED 50W,,,,,,,,,0,0,,,,,,0,,
,,ECLAIRAGE,ECLAIRAGE SCENE,CABLAGE DMX,,,,,,,,,0,0,,,,,,0,,
,,ECLAIRAGE,ECLAIRAGE SCENE,CABLAGE DMX 6,,,,,,,,,0,0,,,,,,0,,
,,ECLAIRAGE,ECLAIRAGE SCENE,CONSOLE DMX 24 Circuits,,,,,,,,,0,2,,,,,,-2,,
,,ELECTRICITE,ACCESSOIRES,ECHASSES (PAIRE),,,,,,,,,0,0,,,,,2,2,,
,,ELECTRICITE,ACCESSOIRES,BIGNOU,,,,,,,,,0,0,,,,,,0,,
,,ELECTRICITE,ACCESSOIRES,Accorche de cloison de fond,,,Alu,,,,,,0,0,,,,,,0,,
,,ELECTRICITE,ACCESSOIRES,Accroche de cloison bois,,,Alu,,,,,,0,0,,,,,,0,,
,,ELECTRICITE,ACCESSOIRES,GOULOTTE PASSAGE DE CABLE (accueil),,,Gris,,,,,,0,0,,,,,,0,,
,,ELECTRICITE,CABLAGE 16A,CABLE PLAT,,,Noir,,,,,,0,0,,,,,,0,,
,,ELECTRICITE,CABLAGE 16A,TRIPAC ,,,Noir,,,,,,0,0,,,,,,0,,
,,ELECTRICITE,CABLAGE 16A,TRIPAC ,,,Blanc,,,,,,0,0,,,,,,0,,
,,ELECTRICITE,CABLAGE 16A,RALONGE 20M,Rallonge 20m,,Noir,,,,,,0,0,,,,,,0,,
,,ELECTRICITE,CABLAGE 16A,RALONGE 15M,Rallonge 15m,,Noir,,,,,,0,0,,,,,,0,,
,,ELECTRICITE,CABLAGE 16A,RALONGE 10M,Rallonge 10m,,Noir,,,,,,0,0,,,,,,0,,
,,ELECTRICITE,CABLAGE 16A,RALONGE 10M,Rallonge 10m,,Blanc,,,,,,0,0,,,,,,0,,
,,ELECTRICITE,CABLAGE 16A,RALONGE 3M,Rallonge 3 m,,Blanc,,,,,,0,0,,,,,,0,,
,,ELECTRICITE,CABLAGE 16A,RALONGE 5M,Rallonge 5m,,Blanc,,,,,,0,0,,,,,,0,,
,,ELECTRICITE,CABLAGE WIELAND,KIT BRANCHEMENT WIELAND 100 RAILS + PELLES,"Prolongateurs: 100X1m, 30x2m, 30x3m, 30x7m
Répartiteurs 1/3: 30
Alimentations 1m: 30",,Noir,,,,,,0,0,,,,,,0,,
,,ELECTRICITE,CABLAGE WIELAND,TRIPAC,,,Noir,,,,,,0,0,,,,,,0,,
,,ELECTRICITE,DISTRIBUTION,CABLAGE TETRA ,,,,,,,,,0,0,,,,,,0,,
,,ELECTRICITE,DISTRIBUTION,CHAMPI TETRA,,,,,,,,,0,0,,,,,,0,,
,,ELECTRICITE,DISTRIBUTION,DISTRIBUTION,,,,,,,,,0,0,,,,,,0,,
,,ELECTRICITE,DISTRIBUTION,DOMINO CERAMIQUE,,,,,,,,,0,0,,,,,,0,,
,,ELECTRICITE,DISTRIBUTION,SOVELOR 15kW TETRA,,,,,,,,,0,0,,,,,,0,,
,,MOBILER,AMENAGEMENT,CINTRES,Carton Vrac ,,,,,,,,0,0,,,,,,0,,
,PBL-001,MOBILER,AMENAGEMENT,CORBEILLE NOIRE,,,Noir,,,,,,0,0,,,,,,0,,
,PBL-001,MOBILER,AMENAGEMENT,CORBEILLE BLANCHE,,,Blanche,,,,,,0,0,,,,,,0,,
,ETA-001,MOBILER,AMENAGEMENT,ETAGERE SIMPLY ACIER 5 NIVEAUX,,,Noir,,,,,,0,0,,,,,,0,,
,,MOBILER,AMENAGEMENT,ETAGERE SIMPLY ACIER AVEC PORTANT,,,Noir,,,,,,0,0,,,,,,0,,
,ETA-002,MOBILER,AMENAGEMENT,ETAGERE SIMPLY ACIER POUR FRIGO,,,Noir,,,,,,0,0,,,,,,0,,
,,MOBILER,AMENAGEMENT,GRILLE CADDIE ACIER,Grille Caddie,,,,,,,,0,0,,,,,40,40,,
,,MOBILER,AMENAGEMENT,PATERE Modulaire,,,,,,,,,0,0,,,,,,0,,
,POM-001,MOBILER,AMENAGEMENT,PORTE MANTEAU CACTUS ACIER,,,Gris,,,,,,0,0,,,,,,0,,
,POT-001,MOBILER,AMENAGEMENT,POTELETS CHEMINEMENT,Dans Racks,,Acier,,,,,,0,0,,,,,28,28,,
,,MOBILER,AMENAGEMENT,POUBELLE 30 L,,,Noir,,,,,,0,0,,,,,,0,,
,,MOBILER,AMENAGEMENT,POUBELLE 100 L,,,Noir,,,,,,0,0,,,,,,0,,
,,MOBILER,AMENAGEMENT,VASQUE PLEXI ,Porte Badge,,,,,,,,0,0,,,,,,0,,
,,MOBILER,AMENAGEMENT,BAC DE RANGEMENT,Stand Diel,,Bleu,,,,,,0,0,,,,,,0,,
,CAN-031,MOBILER,ASSISES,CANAPE TISSU SOFA BLANC,,,Blanc,,,,,,0,0,,,,,,0,,
,CAN-030,MOBILER,ASSISES,CANAPE TISSU SOFA NOIR,,,Noir,,,,,,0,0,,,,,,0,,
,CHA-004,MOBILER,ASSISES,CHAISE CONFORT,,,,,,,,,0,0,,,,,,0,,
,CHA-002,MOBILER,ASSISES,CHAISE DECO,,,,,,,,,0,0,,,,,,0,,
,CHA-001,MOBILER,ASSISES,CHAISE FIRST TAUPE,,,Taupe,,,,,,0,0,,,,,550,550,,
,CHA-005,MOBILER,ASSISES,CHAISE HYGGE,,,,,,,,,0,0,,,,,,0,,
,CHA-007,MOBILER,ASSISES,CHAISE IDEA,,,,,,,,,0,0,,,,,,0,,
,CHA-003,MOBILER,ASSISES,CHAISE PARISETTE,,,,,,,,,0,0,,,,,,0,,
,CHA-006,MOBILER,ASSISES,CHAISE TEK,,,,,,,,,0,0,,,,,,0,,
,,MOBILER,ASSISES,CHAISE PLIANTE,,,Noir,,,,,,0,0,,,,,,0,,
,FAU-011,MOBILER,ASSISES,FAUTEUIL AFRICA,,,,,,,,,0,0,,,,,,0,,
,FAU-013,MOBILER,ASSISES,FAUTEUIL PRESTIGE GRIS,,,Gris,,,,,,0,0,,,,,,0,,
,FAU-014,MOBILER,ASSISES,FAUTEUIL PRESTIGE ROUGE,,,Rouge,,,,,,0,0,,,,,,0,,
,FAU-012,MOBILER,ASSISES,FAUTEUIL SOLID,,,,,,,,,0,0,,,,,,0,,
,POU-037,MOBILER,ASSISES,POUF CUBE POLYPROPYLENE BLANC,,,Blanc,,,,,,0,0,,,,,,0,,
,POU-036,MOBILER,ASSISES,POUF CUBE POLYPROPYLENE NOIR,,,Noir,,,,,,0,0,,,,,,0,,
,TAB-035,MOBILER,ASSISES,TABOURET BAS TAMTAM NOIR,,,Noir,,,,,,0,0,,,,,,0,,
,,MOBILER,ASSISES,TABOURET HAUTVERONIQUE AVEC DOSSIER,,,GRIS,,,,,,0,0,,,,,,0,,
,,MOBILER,ASSISES,TABOURET HAUT AVEC DOSSIER,,,,,,,,,0,0,,,,,20,20,,
,TH-021,MOBILER,ASSISES,TABOURET HAUT DECO BLANC,,,Blanc,,,,,,0,0,,,,,,0,,
,TH-020,MOBILER,ASSISES,TABOURET HAUT DECO GRIS,,,Gris,,,,,,0,0,,,,,120,120,,
,TH-025,MOBILER,ASSISES,TABOURET HAUT MANUFACTURA,,,,,,,,,0,0,,,,,,0,,
,TH-026,MOBILER,ASSISES,TABOURET HAUT MOKA BLANC,,,Blanc,,,,,,0,0,,,,,80,80,,
,TH-023,MOBILER,ASSISES,TABOURET HAUT SERENITE ANIS,,,Anis,,,,,,0,0,,,,,,0,,
,TH-022,MOBILER,ASSISES,TABOURET HAUT SERENITE BLANC,,,Blanc,,,,,,0,0,,,,,,0,,
,TH-024,MOBILER,ASSISES,TABOURET HAUT SPIDER BLANC,,,Blanc,,,,,,0,0,,,,,,0,,
,TH-028,MOBILER,ASSISES,TABOURET HAUT WINGO,,,,,,,,,0,0,,,,,,0,,
,TH-029,MOBILER,ASSISES,TABOURET HAUT ZEN,,,,,,,,,0,0,,,,,,0,,
,,MOBILER,ASSISES,TABOURET HAUT SCANDI,,,Blanc,,,,,,0,0,,,,,8,8,,
,DESK-072,MOBILER,COMPTOIRS,BAR LUMINEUX BREAK POLYPROPYLENE ARRONDI,Ampoules,,Blanc,,,,,,0,0,,,,,,0,,
,DESK-073,MOBILER,COMPTOIRS,BAR LUMINEUX BREAK POLYPROPYLENE DROIT,,,Blanc,,,,,,0,0,,,,,,0,,
,DESK-070,MOBILER,COMPTOIRS,COMPTOIR ACCUEIL TILT MELAMINE: KIT,Comptoir + Clé + Barrillet + 6 Taquets + Etagère,106x50x106,Blanc,,,,,,0,0,,,,,80,80,,
,,MOBILER,COMPTOIRS,COMPTOIR ACCUEIL : CLE + BARRILLET,,,,,,,,,0,0,,,,,,0,,
,,MOBILER,COMPTOIRS,COMPTOIR ACCUEIL SANS PORTE ,,,,,,,,,0,0,,,,,,0,,
,DESK-071,MOBILER,COMPTOIRS,CONSOLE RANGEMENT MELAMINE,Fermant à clé,,Blanc,,,,,,0,0,,,,,,0,,
,POT-006,MOBILER,DECO,CACHE POT BOLA PLASTIC BEIGE,Cache pot BOLA Beige,,Beige,,,,,,0,0,,,,,,0,,
,POT-001,MOBILER,DECO,CACHE POT CADIX PASTIC BLANC,Cache pot CADIX Blanc,,Blanc,,,,,,0,0,,,,,,0,,
,POT-002,MOBILER,DECO,CACHE POT CADIX PLASTIC NOIR,Cache pot CADIX Noir,,Noir,,,,,,0,0,,,,,,0,,
,POT-003,MOBILER,DECO,CACHE POT CADIX ZINC,Cache pot CADIX Zinc,,Zinc,,,,,,0,0,,,,,,0,,
,POT-004,MOBILER,DECO,CACHE POT TOSCANE PLASTIC BLANC,Cache pot TOSCANE Blanc,,Blanc,,,,,,0,0,,,,,,0,,
,POT-005,MOBILER,DECO,CACHE POT TOSCANE PLASTIC NOIR,Cache pot TOSCANE Noir,,Noir,,,,,,0,0,,,,,,0,,
,POT-007,MOBILER,DECO,CACHE POT WILO PLASTIC FUSCHIA,Cache pot WILO Fuschia,,Fuschia,,,,,,0,0,,,,,,0,,
,PLA-001,MOBILER,DECO,PLANTE VERTE 140 CM,Plante verte 140cm,,,,,,,,0,0,,,,,,0,,
,,MOBILER,ELECTRO MENAGER,BOUILLOIRE,,,,,,,,,0,0,,,,,,0,,
,CAF-001,MOBILER,ELECTRO MENAGER,MACHINE A CAFE,,,,,,,,,0,0,,,,,,0,,
,REF-002,MOBILER,ELECTRO MENAGER,REFRIGERATEUR TALL,Grand,,Blanc,,,,,,0,0,,,,,,0,,
,REF-001,MOBILER,ELECTRO MENAGER,REFRIGERATEUR TOP,Petit,,Blanc,,,,,,0,0,,,,,,0,,
,,MOBILER,ELECTRO MENAGER,MICRO ONDE,,,Blanc,,,,,,0,0,,,,,,0,,
,VEN-001,MOBILER,ELECTRO MENAGER,VENTILATEUR SUR PIED,Ventilateur sur pieds,,,,,,,,0,0,,,,,,0,,
,,MOBILER,KITS BOISSONS,KIT THE 100 DOSETTES,100 Dosettes + 100 Sucres + 100 Touilletes + 100 Gobelets,,,,,,,,0,0,,,,,,0,,
,CAF-002,MOBILER,KITS BOISSONS,KIT KFE 80 DOSETTES,80 Dosettes + 80 Sucres + 80 Touilletes + 80 Gobelets,,,,,,,,0,0,,,,,,0,,
,CAF-002,MOBILER,KITS BOISSONS,KIT KFE 200 DOSETTES,200 Dosettes + 200 Sucres + 200 Touilletes + 200 Gobelets,,,,,,,,0,0,,,,,,0,,
,PRS-002,MOBILER,PRESENTOIRS,PRESENTOIR DOC LIVERPOOL ACIER,,,Noir,,,,,,0,0,,,,,,0,,
,,MOBILER,PRESENTOIRS,SIPPORT BROCHURE PLEXI A4,,,PLEXI,,,,,,0,0,,,,,,0,,
,PRS-001,MOBILER,PRESENTOIRS,PRESENTOIR DOC PLIANT ZEDUP,En Valise,,Gris,,,,,,0,0,,,,,100,100,,
,DIS-001,MOBILER,SANITAIRE,DISTRIBUTEUR DE GEL AUTODIS,A monter,,,,,,,,0,0,,,,,,0,,
,DIS-003,MOBILER,SANITAIRE,PANNEAU VISUAL PVC,Personnalisation distributeur,,,,,,,,0,0,,,,,,0,,
,DIS-002,MOBILER,SANITAIRE,RECHARGE GEL SOLUTION HYDRO,,,,,,,,,0,0,,,,,,0,,
,TH-053,MOBILER,TABLES,MANGE DEBOUT AUTHENTIC,,,,,,,,,0,0,,,,,,0,,
,TH-050,MOBILER,TABLES,MANGE DEBOUT DECO,,,,,,,,,0,0,,,,,15,15,,
,TH-052,MOBILER,TABLES,MANGE DEBOUT MANUFACTURA,,,,,,,,,0,0,,,,,,0,,
,TH-051,MOBILER,TABLES,MANGE DEBOUT OMEGA,,,,,,,,,0,0,,,,,20,20,,
,TH-054,MOBILER,TABLES,MANGE DEBOUT TAMARIS BLANC,,,Blanc,,,,,,0,0,,,,,,0,,
,TH-055,MOBILER,TABLES,MANGE DEBOUT TAMARIS NOIR,,,Noir,,,,,,0,0,,,,,,0,,
,TB-063,MOBILER,TABLES,TABLE BASSE AUTHENTIC,,,,,,,,,0,0,,,,,,0,,
,TB-061,MOBILER,TABLES,TABLE BASSE BABILA,,,,,,,,,0,0,,,,,,0,,
,TB-068,MOBILER,TABLES,TABLE BASSE ELENA BLANC,,,Blanc,,,,,,0,0,,,,,,0,,
,TB-069,MOBILER,TABLES,TABLE BASSE ELENA NOIR,,,Noir,,,,,,0,0,,,,,,0,,
,TB-066,MOBILER,TABLES,TABLE BASSE KUMI BLANC,,,Blanc,,,,,,0,0,,,,,,0,,
,TB-064,MOBILER,TABLES,TABLE BASSE KUMI BOIS,,,Bois,,,,,,0,0,,,,,,0,,
,TB-065,MOBILER,TABLES,TABLE BASSE KUMI NOIR,,,Noir,,,,,,0,0,,,,,,0,,
,TB-067,MOBILER,TABLES,TABLE BASSE KUMI VERRE,,,Verre,,,,,,0,0,,,,,,0,,
,TB-062,MOBILER,TABLES,TABLE BASSE OMEGA,,,,,,,,,0,0,,,,,,0,,
,TB-060,MOBILER,TABLES,TABLE BASSE SOLID,,,,,,,,,0,0,,,,,,0,,
,TAB-044,MOBILER,TABLES,TABLE CARRE OMEGA,,,,,,,,,0,0,,,,,,0,,
,TAB-045,MOBILER,TABLES,TABLE CARRE TEK,,,,,,,,,0,0,,,,,,0,,
,TAB-047,MOBILER,TABLES,TABLE RECTANGLE TAMARIS,,,,,,,,,0,0,,,,,,0,,
,TAB-046,MOBILER,TABLES,TABLE RESTANGLE LAHO,,1200x600,,,,,,,0,0,,,,,,0,,
,TAB-040,MOBILER,TABLES,TABLE RONDE DECO,,,,,,,,,0,0,,,,,30,30,,
,TAB-042,MOBILER,TABLES,TABLE RONDE MAYA BLANC,,,Blanc,,,,,,0,0,,,,,100,100,,
,TAB-041,MOBILER,TABLES,TABLE RONDE MAYA NOIR,,,Noir,,,,,,0,0,,,,,50,50,,
,TAB-043,MOBILER,TABLES,TABLE RONDE MAYA VERRE,,,Verre,,,,,,0,0,,,,,50,50,,
,,MOBILIER FAB,MATERIAUX,CHEVRON 1 M ,,1000,,,,,,,0,0,,,,,,0,,
,,MOBILIER FAB,MATERIAUX,CHEVRON 2 M ,,2000,,,,,,,0,0,,,,,,0,,
,,MOBILIER FAB,MATERIAUX,CHEVRON 3 M ,,3000,,,,,,,0,0,,,,,,0,,
,,MOBILIER FAB,MATERIAUX,TASSEAUX RABOTE,,680x330,,,,,,,0,0,,,,,,0,,
,,MOBILIER FAB,MENUISERIE  STOCK,BAC PRESSE DOUBLE MEDIUM,,,,,,,,,0,0,,,,,6,6,,
,,MOBILIER FAB,MENUISERIE  STOCK,BAC PRESSE DOUBLE MELAMINE,,,,,,,,,0,0,,,,,5,5,,
,,MOBILIER FAB,MENUISERIE  STOCK,BAC PRESSE SIMPLE MEDIUM,,,,,,,,,0,0,,,,,12,12,,
,,MOBILIER FAB,MENUISERIE  STOCK,BAC PRESSE SIMPLE MELAMINE,,,,,,,,,0,0,,,,,12,12,,
,,MOBILIER FAB,MENUISERIE  STOCK,BAR TRAD MELAMINE,,,Blanc,,,,,,0,0,,,,,,0,,
,,MOBILIER FAB,MENUISERIE  STOCK,"CONSOLES BOIS 0,5X0,5X1,15",,1500x500x500,,,,,,,0,0,,,,,28,28,,
,,MOBILIER FAB,MENUISERIE  STOCK,JARDINIERE MELAMINE 1 M,,,Blanc,,,,,,0,0,,,,,1,1,,
,,MOBILIER FAB,MENUISERIE  STOCK,"JARDINIERE MELMINE 1,5 M",,,Blanc,,,,,,0,0,,,,,2,2,,
,,MOBILIER FAB,MENUISERIE  STOCK,MEUBLE DEMONSTARTION MELAMINE,,,Blanc,,,,,,0,0,,,,,,0,,
,,MOBILIER FAB,MENUISERIE  STOCK,MEUBLE INFORMATIQUE MELAMINE,,,Blanc,,,,,,0,0,,,,,,0,,
,,MOBILIER FAB,MENUISERIE  STOCK,MEUBLE RANGEMENT BAS MELAMINE,,,Blanc,,,,,,0,0,,,,,,0,,
,,MOBILIER FAB,MENUISERIE  STOCK,PLOT ACCUEIL MELAMINE,,,Blanc,,,,,,0,0,,,,,,0,,
,,MOBILIER FAB,MENUISERIE  STOCK,PLOT AGGLOMERE,,1000x500x500,,,,,,,0,0,,,,,,0,,
,,MOBILIER FAB,MENUISERIE  STOCK,TABLETTE CHENE PROWEIN 2022,,910 x 250mm,Chêne lamellé collé,,,,,,0,0,,,,,,0,,
,,MOBILIER FAB,MENUISERIE  STOCK,SUPPORT TABLETTES CGLE 2022,,15cm,Noir,,,,,,0,0,,,,,,0,,
,,MOBILIER FAB,MENUISERIE  STOCK,PLANTES / DECO,Plantes et objets Déco,,,,,,,,0,0,,,,,,0,,
,,MOBILIER FAB,MENUISERIE  STOCK,NICHES DIEHL CGLE 2022,CHENE LAMELLE COLLE / FOND BLANC,,Chêne lamellé collé,,,,,,0,0,,,,,,0,,
,,OUTILLAGE,MESURE,DECAMETRES,,,,,,,,,0,0,,,,,,0,,
,,OUTILLAGE,PEINTURES,PEINTURE BLANCHE + ACC,,,Blanc,,,,,,0,0,,,,,,0,,
,,OUTILLAGE,POSE,AGAFREUSES MURALES,AGAFREUSES MURALES,,,,,,,,0,0,,,,,,0,,
,,OUTILLAGE,POSE,AGRAFES,AGRAFES,,,,,,,,0,0,,,,,,0,,
,,OUTILLAGE,POSE,AGRAFES BB,AGRAFES BB,,,,,,,,0,0,,,,,,0,,
,,OUTILLAGE,POSE,AGRAFEUSE BB,AGRAFEUSE BB,,,,,,,,0,0,,,,,,0,,
,,OUTILLAGE,POSE,CLOUS CLOISON BOIS,CLOUS CLOISON BOIS,,,,,,,,0,0,,,,,,0,,
,,OUTILLAGE,POSE,MAILLETS CAOUTCHOUC,MAILLETS CAOUTCHOUC,,Noir / Blanc,,,,,,0,0,,,,,,0,,
,,OUTILLAGE,POSE,NACELLE BLEU,,,,,,,,,0,0,,,,,,0,,
,,OUTILLAGE,POSE,NACELLE ORANGE,,,,,,,,,0,0,,,,,,0,,
,,OUTILLAGE,POSE,ESCABEAU,,,,,,,,,0,0,,,,,,0,,
,,OUTILLAGE,POSE,ADESIF DOUBLE FACE SURFACE FRAGILE ,,,ROUGE,,,,,,0,0,,,,,,0,,
,,OUTILLAGE,POSE,BARNIER ,,,NOIR / GRIS,,,,,,0,0,,,,,,0,,
,,OUTILLAGE,POSE,VIS A BOIS,,,,,,,,,0,0,,,,,,0,,
,,OUTILLAGE,POSE,EXTINCTEURS,,,,,,,,,0,0,,,,,,0,,
,,PRATICABLES,ACCESSOIRES,MALETTE ACCROCHES PRATICABLES,,,,,,,,,0,0,,,,,,0,,
,,PRATICABLES,PRATICABLES,PIEDS 40 CM,PIEDS 40cm,,,,,,,,0,0,,,,,,0,,
,,PRATICABLES,PRATICABLES,PIEDS 20 CM,PIEDS 20cm pour Qui loue tout carré,,,,,,,,0,0,,,,,,0,,
,,PRATICABLES,PRATICABLES,PIEDS 20 CM,PIEDS 20cm,,,,,,,,0,0,,,,,,0,,
,,PRATICABLES,PRATICABLES,PRATICABLE A PIEDS 2x1 M,,,,,,,,,0,0,,,,,36,36,,
,,PRATICABLES,PRATICABLES,PRATICABLES CISEAUX,,,,,,,,,0,0,,,,,22,22,,
,,SCENIQUE,ALU TRI ACCESSOIRES,"COUPLEUR DOUBLE D50, 90°",,,Alu,,,,,,0,0,,,,,,0,,
,,SCENIQUE,ALU TRI ACCESSOIRES,EMBASES LEGERES,Platine,,Alu,,,,,,0,0,,,,,,0,,
,,SCENIQUE,ALU TRI ACCESSOIRES,EMBASES LOURDES,CARRE ACIER,1000 x 1000,Acier,,,,,,0,0,,,,,,0,,
,,SCENIQUE,ALU TRI ACCESSOIRES,EMBASES LOURDES,CARRE GALVA,1000 x 1000,Galva,,,,,,0,0,,,,,,0,,
,,SCENIQUE,ALU TRI ACCESSOIRES,EMBASES LOURDES,CARRE GALVA,1000 x 600,Galva,,,,,,0,0,,,,,,0,,
,,SCENIQUE,ALU TRI ACCESSOIRES,DEMI-MANCHONS,,,,,,,,,0,0,,,,,,0,,
,,SCENIQUE,ALU TRI ACCESSOIRES,KIT JONCTION / SECURISATION,"Manchons, Goupilles, Béta, Massette",,,,,,,,0,0,,,,,,0,,
,,SCENIQUE,ALU TRI ACCESSOIRES,ACCROCHE POUR STRUCTURE,Collier + boulons,,,,,,,,0,0,,,,,,0,,
,,SCENIQUE,ALU TRI ACCESSOIRES,TUBE ALU 2 M D50 ,,2000,Alu,,,,,,0,0,,,,,,0,,
,,SCENIQUE,ALU TRI ACCESSOIRES,TUBE ALU 6 M D50 ,,6000,Alu,,,,,,0,0,,,,,,0,,
,,SCENIQUE,ALU TRI ACCESSOIRES,BAGUETTES CP,,2500,BOIS,,,,,,0,0,,,,,,0,,
,,SCENIQUE,PIED DE LEVAGE,PIED MANFROTTO,,,,,,,,,0,0,,,,,,0,,
,,SCENIQUE,PIED DE LEVAGE,BARRE en T pour 4 Porjo,Pied MANFROTTO,,,,,,,,0,0,,,,,,0,,
,,SCENIQUE,FOURCHE ,POUR PONT SCENIQUE,,,,,,,,,0,0,,,,,,0,,
,,SCENIQUE,ALU TRI ANGLES,ANGLE 2D C07,2D,,Alu,,,,,,0,0,,,,,,0,,
,,SCENIQUE,ALU TRI ANGLES,ANGLE 2D C03,2D,,Alu,,,,,,0,0,,,,,,0,,
,,SCENIQUE,ALU TRI ANGLES,ANGLE 2D C03,2D,,NOIR,,,,,,0,0,,,,,,0,,
,,SCENIQUE,PIEDS LEVAGE,PIEDS DE LEVAGE,,,,,,,,,0,0,,,,,,0,,
,,SCENIQUE,ALU TRI ANGLES,ANGLE 3D C012,3D,,Alu,,,,,,0,0,,,,,,0,,
,,SCENIQUE,ALU CARREE ANGLES,ANGLE 3D C012,3D,,Alu,,,,,,0,0,,,,,,0,,
,,SCENIQUE,ALU TRI ANGLES,ANGLE 3D C013,3D,,Alu,,,,,,0,0,,,,,,0,,
,,SCENIQUE,ALU CARRE ANGLES,ANGLE 3D C013,3D,,Alu,,,,,,0,0,,,,,,0,,
,,SCENIQUE,ALU TRI ANGLES,ANGLE 4D + Apex C024,4D,,Alu,,,,,,0,0,,,,,,0,,
,,SCENIQUE,ALU TRI ANGLES,ANGLE 3D + Apex C020,3D,,Alu,,,,,,0,0,,,,,,0,,
,,SCENIQUE,ALU CARRE ANGLES,ANGLE 3D + Apex C020,3D,,Alu,,,,,,0,0,,,,,,0,,
,,SCENIQUE,ALU TRI ANGLES,CERCE 2M,,,Alu,,,,,,0,0,,,,,,0,,
,,SCENIQUE,ALU TRI ANGLES,CERCE 8M,,,Alu,,,,,,0,0,,,,,,0,,
,,SCENIQUE,ALU TRI POUTRES,"POUTRE 0,29 M","POUTRE 0,29m",,Alu,,,,,,0,0,,,,,,0,,
,,SCENIQUE,ALU CARREE POUTRES,"POUTRE 0,29 M","POUTRE 0,29m",,Alu,,,,,,0,0,,,,,,0,,
,,SCENIQUE,ALU TRI POUTRES,"POUTRE 0,5 M","POUTRE 0,5m",,Alu,,,,,,0,0,,,,,,0,,
,,SCENIQUE,ALU CARREE POUTRES,"POUTRE 0,71 M","POUTRE 0,71m",,Alu,,,,,,0,0,,,,,,0,,
,,SCENIQUE,ALU TRI POUTRES,POUTRE 1 M,POUTRE 1m,,Alu,,,,,,0,0,,,,,,0,,
,,SCENIQUE,ALU CARREE POUTRES,POUTRE 1 M,POUTRE 1m,,Alu,,,,,,0,0,,,,,,0,,
,,SCENIQUE,ALU TRI POUTRES,POUTRE 2 M,POUTRE 2m,,Alu,,,,,,0,0,,,,,,0,,
,,SCENIQUE,ALU TRI POUTRES,POUTRE 2 M,POUTRE 2m NOIR,,Alu,,,,,,0,0,,,,,,0,,
,,SCENIQUE,ALU TRI POUTRES,POUTRE 3 M ,POUTRE 3m,,Alu,,,,,,0,0,,,,,,0,,
,,SCENIQUE,ALU CARREE POUTRES,POUTRE 3 M ,POUTRE 3m,,Alu,,,,,,0,0,,,,,,0,,
,,SCENIQUE,ALU TRI POUTRES,POUTRE 4 M,POUTRE 4m,,Alu,,,,,,0,0,,,,,,0,,
,,SCENIQUE,ALU TRI POUTRES,PINCE STUCTURE,,,,,,,,,0,0,,,,,,0,,
,,SIGNALETIQUE,ACCESSOIRES POSE,KIT ACCROCHE VISUELS,"Double Face 0 résidus: 25ml x 25mm
Chainettes: 2,5ml
Crochets S: 12pces ",,,,,,,,0,0,,,,,,0,,
,,SIGNALETIQUE,ACCESSOIRES POSE,TUBE ALU D20 1M,,945,Alu,,,,,,0,0,,,,,21,21,,
,,SIGNALETIQUE,ACCESSOIRES POSE,TUBE ALU D20 1M,,1500,Alu,,,,,,0,0,,,,,,0,,
,,SIGNALETIQUE,ACCESSOIRES POSE,TUBE ALU D20 2M,,1935,Alu,,,,,,0,0,,,,,86,86,,
,,SIGNALETIQUE,ACCESSOIRES POSE,TUBE ALU D20 2M,,2500,Alu,,,,,,0,0,,,,,,0,,
,,SIGNALETIQUE,ACCESSOIRES POSE,TUBE ALU D20 3M,,2926,Alu,,,,,,0,0,,,,,42,42,,
,,SIGNALETIQUE,ACCESSOIRES POSE,TUBE ALU D20 3M,,3916,Alu,,,,,,0,0,,,,,16,16,,
,,SIGNALETIQUE,ACCESSOIRES POSE,CROCHETS S pour Tube 20mm,Accroche bâches Signa modulaire,,,,,,,,0,0,,,,,,0,,
,,SIGNALETIQUE,VISUELS,DEBIT,Voir Débit Signa FRAMIREX / REPRO,,,,,,,,0,0,,,,,,0,,
,,TENTES,SECU,LESTS BETON 250Kg,,,,,,,,,0,0,,,,,20,20,,
,,TENTES,SECU,LESTS BETON 37Kg,,,,,,,,,0,0,,,,,43,43,,
,,TENTES,STRUCTURE,PAGODE 3x3 M,,,,,,,,,0,0,,,,,,0,,
,,TENTES,STRUCTURE,PAGODE 4x4 M,,,,,,,,,0,0,,,,,,0,,
,,TENTES,STRUCTURE,PAGODE 5x5M,,,,,,,,,0,0,,,,,,0,,
,,STD ALUVISION,CLOISONS,CADRE NU,,992X2480,,,,,,,0,0,,,,,,0,,
,,STD ALUVISION,CLOISONS,CADRE NU,,930X2480,,,,,,,0,0,,,,,,0,,
,,STD ALUVISION,CLOISONS,CADRE NU,,868X2480,,,,,,,0,0,,,,,,0,,
,,STD ALUVISION,CLOISONS,CADRE NU,,806X2480,,,,,,,0,0,,,,,,0,,
,,STD ALUVISION,CLOISONS,CADRE NU,,806X2480,,,,,,,0,0,,,,,,0,,
,,STD ALUVISION,CLOISONS,CADRE NU,,496X2480,,,,,,,0,0,,,,,,0,,
,,STD ALUVISION,CLOISONS,CADRE NU,,434X2480,,,,,,,0,0,,,,,,0,,
,,STD ALUVISION,CLOISONS,CADRE NU,,372X2480,,,,,,,0,0,,,,,,0,,
,,STD ALUVISION,CLOISONS,CADRE NU,,310X2480,,,,,,,0,0,,,,,,0,,
,,STD ALUVISION,CLOISONS,CADRE NU,,992x1984,,,,,,,0,0,,,,,,0,,
,,STD ALUVISION,CLOISONS,CADRE NU,,496X1984,,,,,,,0,0,,,,,,0,,
,,STD ALUVISION,CLOISONS,CADRE NU,,992x1488,,,,,,,0,0,,,,,,0,,
,,STD ALUVISION,CLOISONS,CADRE NU,,558x1488,,,,,,,0,2,,,,,,-2,,
,,STD ALUVISION,CLOISONS,CADRE NU,,496x1488,,,,,,,0,2,,,,,,-2,,
,,STD ALUVISION,CLOISONS,CADRE NU,,310x1488,,,,,,,0,2,,,,,,-2,,
,,STD ALUVISION,CLOISONS,CADRE NU,,992x992,,,,,,,0,5,,,,,,-5,,
,,STD ALUVISION,CLOISONS,CADRE NU,,496x992,,,,,,,0,0,,,,,,0,,
,,STD ALUVISION,CLOISONS,CADRE NU,,310x992,,,,,,,0,0,,,,,,0,,
,,STD ALUVISION,CLOISONS,CADRE NU,,186x992,,,,,,,0,0,,,,,,0,,
,,STD ALUVISION,CLOISONS,CADRE NU,,496X806,,,,,,,0,0,,,,,,0,,
,,STD ALUVISION,CLOISONS,CADRE NU,,496X496,,,,,,,0,0,,,,,,0,,
,,STD ALUVISION,CLOISONS,CADRE NU,,186x992,,,,,,,0,0,,,,,,0,,
,,STD ALUVISION,CLOISONS,CADRE AVEC DIBON,CADRE CINTRE,774x2480 - R496,,,,,,,0,0,,,,,,0,,
,,STD ALUVISION,CLOISONS,CADRE AVEC DIBON,CADRE CINTRE,774x496 - R496,,,,,,,0,0,,,,,,0,,
,,STD ALUVISION,CLOISONS,CADRE AVEC DIBON,CADRE CINTRE,774x992 - R496,,,,,,,0,0,,,,,,0,,
,,STD ALUVISION,CLOISONS,CADRE AVEC DIBON,CADRE CINTRE,774x1984 - R496,,,,,,,0,0,,,,,,0,,
,,STD ALUVISION,CLOISONS,CADRE,1/2 PLEXI,992X1984,,,,,,,0,0,,,,,,0,,
,,STD ALUVISION,CLOISONS,CADRE NU,CADRE DEMONTABLE,992X2976,,,,,,,0,0,,,,,,0,,
,,STD ALUVISION,CLOISONS,CADRE NU,CADRE DEMONTABLE,496X2976,,,,,,,0,0,,,,,,0,,
,,STD ALUVISION,CLOISONS,CADRE NU,CADRE DEMONTABLE,1488X2914,,,,,,,0,0,,,,,,0,,
,,STD ALUVISION,CLOISONS,CADRE RETROECLAIRE,CADRE RETROECLAIRE,2976X2480,,,,,,,0,0,,,,,,0,,
,,STD ALUVISION,CLOISONS,CADRE VITRE,,992X992,,,,,,,0,0,,,,,,0,,
,,STD ALUVISION,CLOISONS,CADRE VITRE,,992X1984,,,,,,,0,0,,,,,,0,,
,,STD ALUVISION,CLOISONS REMPLISSAGE,DIBOND,,986x2474,Blanc,,,,,,0,0,,,,,,0,,
,,STD ALUVISION,CLOISONS REMPLISSAGE,DIBOND,,800x2474,Blanc,,,,,,0,0,,,,,,0,,
,,STD ALUVISION,CLOISONS REMPLISSAGE,DIBOND,,490x2474,Blanc,,,,,,0,0,,,,,,0,,
,,STD ALUVISION,CLOISONS REMPLISSAGE,DIBOND,,428x2474,Blanc,,,,,,0,0,,,,,,0,,
,,STD ALUVISION,CLOISONS REMPLISSAGE,DIBOND,,986x1978,Blanc,,,,,,0,0,,,,,,0,,
,,STD ALUVISION,CLOISONS REMPLISSAGE,DIBOND,Avec spot encastré 2 spot 20x20,986x1978,Blanc,,,,,,0,0,,,,,,0,,
,,STD ALUVISION,CLOISONS REMPLISSAGE,DIBOND,,490x1978,Blanc,,,,,,0,0,,,,,,0,,
,,STD ALUVISION,CLOISONS REMPLISSAGE,DIBOND,,986x1482,Blanc,,,,,,0,0,,,,,,0,,
,,STD ALUVISION,CLOISONS REMPLISSAGE,DIBOND,,496x1482,Blanc,,,,,,0,0,,,,,,0,,
,,STD ALUVISION,CLOISONS REMPLISSAGE,DIBOND,,986x986,Blanc,,,,,,0,0,,,,,,0,,
,,STD ALUVISION,CLOISONS REMPLISSAGE,DIBOND,,490x986,Blanc,,,,,,0,0,,,,,,0,,
,,STD ALUVISION,CLOISONS REMPLISSAGE,DIBOND,,490x490,Blanc,,,,,,0,0,,,,,,0,,
,,STD ALUVISION,CLOISONS REMPLISSAGE,DIBOND,,180x986,Blanc,,,,,,0,0,,,,,,0,,
,,STD ALUVISION,CLOISONS REMPLISSAGE,DIBOND,DIBOND CINTRE EXT,765 x 2474,Blanc,,,,,,0,0,,,,,,0,,
,,STD ALUVISION,CLOISONS REMPLISSAGE,DIBOND,DIBOND CINTRE INT,765 x 2474,Blanc,,,,,,0,0,,,,,,0,,
,,STD ALUVISION,CLOISONS REMPLISSAGE,DIBOND,DIBOND CINTRE EXT,686 x 2474,Blanc,,,,,,0,0,,,,,,0,,
,,STD ALUVISION,CLOISONS REMPLISSAGE,DIBOND,DIBOND CINTRE INT,686 x 2474,Blanc,,,,,,0,0,,,,,,0,,
,,STD ALUVISION,CLOISONS REMPLISSAGE,DIBOND,DIBOND T-CORNER,62 x 992,,,,,,,0,0,,,,,,0,,
,,STD ALUVISION,CLOISONS REMPLISSAGE,TISSU NOIR,,988 x 2476,,,,,,,0,0,,,,,,0,,
,,STD ALUVISION,CLOISONS REMPLISSAGE,TISSU NOIR,,496 x 2476,,,,,,,0,0,,,,,,0,,
,,STD ALUVISION,CLOISONS REMPLISSAGE,CP 12MM Ajouré,CP 12MM Ajouré,2474x986,,,,,,,0,0,,,,,,0,,
,,STD ALUVISION,CLOISONS REMPLISSAGE,CP 12MM Plein,CP 12MM Plein,2474x490,,,,,,,0,0,,,,,,0,,
,,STD ALUVISION,MOBILIER,COMPTOIR,,,,,,,,,0,0,,,,,,0,,
,,STD ALUVISION,MOBILIER,PATERE ALUVISION,,,,,,,,,0,0,,,,,,0,,
,,STD ALUVISION,PORTES,PORTE SIMPLE 2 M,Avec DIBOND,992x1984,,,,,,,0,0,,,,,,0,AVEC DIBONDS,
,,STD ALUVISION,PORTES,"PORTE SIMPLE 2,5 M",Avec DIBOND,992x2480,,,,,,,0,0,,,,,,0,AVEC DIBONDS,
,,STD ALUVISION,PORTES,POIGNEE CODE TIRANT DROIT,,,,,,,,,0,0,,,,,,0,,
,,STD ALUVISION,PORTES,POIGNEE CODE TIRANT GAUCHE,,,,,,,,,0,0,,,,,,0,,
,,STD ALUVISION,PORTES,POIGNEE + BARILLET + CLES,,,,,,,,,0,0,,,,,,0,,
,,STD ALUVISION,ACCESSOIRES,CLES SERRURE,AluVison,,,,,,,,0,0,,,,,,0,,
51 16 0130 A,,STD ALUVISION,ACCESSOIRES,CONNECTEUR RAPIDE LS D30 A,,,Gris,,,,,,0,0,,,,,,0,,
,,STD ALUVISION,ACCESSOIRES,COVER CLIP D30K,,,Bleu,,,,,,0,0,,,,,,0,,
,,STD ALUVISION,ACCESSOIRES,COVER CLIP M6 PORTE,Porte et basic 55 Glass,,Gris,,,,,,0,0,,,,,,0,,
,,STD ALUVISION,ACCESSOIRES,CONNECTEUR RAPIDE LS M6/D30 x 70 A,,D30 x 70mm,Gris,,,,,,0,0,,,,,,0,,
,,STD ALUVISION,ACCESSOIRES,CONNECTEUR RAPIDE LS M6/D30 x 80 A,,D30 x 80mm,Noir,,,,,,0,0,,,,,,0,"NOIRE
MUR LED",
,,STD ALUVISION,ACCESSOIRES,CONNECTEUR RAPIDE LS M6/D30 x 80 A,,D6 x 30mm,Noir,,,,,,0,0,,,,,,0,M6 x 30,
,,STD ALUVISION,ACCESSOIRES,"VIS PORTE vers CORNER
PREMIUM M6 K",,"Vis D8 x 70
+ téflon  D30",Blanc,,,,,,0,0,,,,,,0,,
55 03 0203 C,,STD ALUVISION,ACCESSOIRES,CONNECTION 3 PLOTS ANGLE 90° LS 30 C,,,Alu,,,,,,0,0,,,,,,0,OU,
,,STD ALUVISION,ACCESSOIRES,CONNECTION 3 PLOTS ANGLE 90° LS 30 C,,,Alu,,,,,,0,0,,,,,,0,OU,
55 03 024 I,,STD ALUVISION,ACCESSOIRES,CONNECTION 3 PLOTS DOUBLES ANGLE 90° LS 30 C,,,Alu,,,,,,0,0,,,,,,0,,
55 04 0102 C,,STD ALUVISION,ACCESSOIRES,CONNECTION 4 PLOTS 180° LS 30 C,,,Alu,,,,,,0,0,,,,,,0,,
55 04 0202 C,,STD ALUVISION,ACCESSOIRES,CONNECTION 4 PLOTS ANGLE 90° LS 30 C,,,Alu,,,,,,0,0,,,,,,0,,
55 06 0503 C,,STD ALUVISION,ACCESSOIRES,CONNECTION 6 PLOTS T 90° LS 30 C,,,Alu,,,,,,0,0,,,,,,0,,
,,STD ALUVISION,ACCESSOIRES,Basic-55 A3 mounting set Z,,,Alu,,,,,,0,0,,,,,,0,,
,,STD ALUVISION,ACCESSOIRES,"Basic-55 frame
clamp D30 out G",,,,,,,,,0,0,,,,,,0,,
,,STD ALUVISION,ACCESSOIRES,"Basic-55 frame
clamp D30 out G",,,,,,,,,0,0,,,,,,0,,
,,STD ALUVISION,ACCESSOIRES,"Basic-55 frame
clamp D30 T90 I",,,,,,,,,0,0,,,,,,0,,
,,STD ALUVISION,ACCESSOIRES,CLIP PELLE LED EXHIBLED,Support Pelle Led 20w/35w,,,,,,,,0,0,,,,,,0,,
,,STD ALUVISION,ACCESSOIRES,PIN D30 M6 FIX A,,,,,,,,,0,0,,,,,,0,,
,,STD ALUVISION,COVERS,COVER,,2976,Alu,,,,,,0,0,,,,,,0,,
,,STD ALUVISION,COVERS,COVER,,2480,Alu,,,,,,0,0,,,,,,0,,
,,STD ALUVISION,COVERS,COVER,,1984,Alu,,,,,,0,0,,,,,,0,,
,,STD ALUVISION,COVERS,COVER,,1488,Alu,,,,,,0,0,,,,,,0,,
,,STD ALUVISION,COVERS,COVER,,992,Alu,,,,,,0,0,,,,,,0,,
,,STD ALUVISION,COVERS,COVER,,496,Alu,,,,,,0,0,,,,,,0,,
,,STD ALUVISION,COVERS,COVER,,500,Alu,,,,,,0,0,,,,,,0,,
,,STD ALUVISION,COVERS,COVER CUT 45H RIGHT,,1050,Alu,,,,,,0,0,,,,,,0,,
,,STD ALUVISION,COVERS,COVER CUT 45H LEFT,,1050,Alu,,,,,,0,0,,,,,,0,,
,,STD ALUVISION,COVERS,COVER CUT 45H ,,1605,Alu,,,,,,0,0,,,,,,0,,
,,STD ALUVISION,COVERS,COVER CUT 45H ,,1109,Alu,,,,,,0,0,,,,,,0,,
,,STD ALUVISION,COVERS,COVER CINTRE R437,,,Alu,,,,,,0,0,,,,,,0,,
,,STD ALUVISION,COVERS,COVER CORNER,,,Alu,,,,,,0,0,,,,,,0,,
,,STD ALUVISION,COVERS,COVER FLAT,,2170,Alu,,,,,,0,0,,,,,,0,,
,,STD ALUVISION,COVERS,COVER FLAT,,1488,Alu,,,,,,0,0,,,,,,0,,
,,STD ALUVISION,COVERS,COVER FLAT,,992,Alu,,,,,,0,0,,,,,,0,,
,,STD ALUVISION,COVERS,COVER FLAT CORNER,,,Alu,,,,,,0,0,,,,,,0,,
,,STD ALUVISION,COVERS,COVER NOIR,,2480,Noir,,,,,,0,0,,,,,,0,,
,,STD ALUVISION,COVERS,COVER NOIR,,992,Noir,,,,,,0,0,,,,,,0,,
,,STD ALUVISION,COVERS,COVER NOIR,,496,Noir,,,,,,0,0,,,,,,0,,
,,STD ALUVISION,CORNERS,CORNER C90 (90°),,2480,Alu,,,,,,0,0,,,,,,0,,
,,STD ALUVISION,CORNERS,CORNER C90 (90°),,1984,Alu,,,,,,0,0,,,,,,0,,
,,STD ALUVISION,CORNERS,CORNER C90 (90°),,1488,Alu,,,,,,0,0,,,,,,0,,
,,STD ALUVISION,CORNERS,CORNER C90 (90°),,992,Alu,,,,,,0,0,,,,,,0,,
,,STD ALUVISION,CORNERS,CORNER C90 (90°),,2480,noir,,,,,,0,0,,,,,,0,,
,,STD ALUVISION,CORNERS,CORNER C90 (90°),,1488,Noir,,,,,,0,0,,,,,,0,,
,,STD ALUVISION,CORNERS,MULTI-CORNER A1,,2500,Alu,,,,,,0,0,,,,,,0,,
,,STD ALUVISION,CORNERS,MULTI-CORNER A1,,992,Alu,,,,,,0,0,,,,,,0,,
,,STD ALUVISION,CORNERS,T-CORNER,,2500,Alu,,,,,,0,0,,,,,,0,,Mettre Velcro sur face plane
,,STD ALUVISION,CORNERS,T-CORNER,,992,Alu,,,,,,0,0,,,,,,0,,
,,STD ALUVISION,CORNERS,X-CORNER,,2480,Alu,,,,,,0,0,,,,,,0,,
,,STD ALUVISION,CORNERS,X-CORNER,,992,Alu,,,,,,0,0,,,,,,0,,
,,STD ALUVISION,CORNERS,L-CORNER,,2976,Noir,,,,,,0,0,,,,,,0,,
,,STD ALUVISION,CORNERS,L-CORNER,,2976,Alu,,,,,,0,0,,,,,,0,,
,,STD ALUVISION,CORNERS,L-CORNER,,2480,Alu,,,,,,0,0,,,,,,0,,
,,STD ALUVISION,CORNERS,L-CORNER,,992,Alu,,,,,,0,0,,,,,,0,,
,,STD ALUVISION,CORNERS,L-CORNER,,496,Alu,,,,,,0,0,,,,,,0,,
,,STD ALUVISION,CORNERS,L-CORNER,,372,Alu,,,,,,0,0,,,,,,0,,
,,STD ALUVISION,CORNERS,L-CORNER end piece,,,Alu,,,,,,0,0,,,,,,0,,
,,STD ALUVISION,CORNERS,CORNER C135,,2480,Alu,,,,,,0,0,,,,,,0,,
59 10 3402 K,,STD ALUVISION,ACCESSOIRES,COVER CLIP D30 K,,,Alu,,,,,,0,0,,,,,,0,, fixation des chants alu
,,STD ALUVISION,ACCESSOIRES,PIN D30 M6*50A,,D6 x 50mm,Gris,,,,,,0,0,,,,,,0,,Vis 50mm
,,STD ALUVISION,ACCESSOIRES,PIN D30 M8*70A,,D8 x 70mm,Gris,,,,,,0,0,,,,,,0,,Vis 70mm
,,STD ALUVISION,ACCESSOIRES,POGNEE DE PORTE TIRANT GAUCHE,,,,,,,,,0,0,,,,,,0,,
,,STD ALUVISION,ACCESSOIRES,POIGNEE DE PORTE TIRANT DROIT,,,,,,,,,0,0,,,,,,0,,
,,STD ALUVISION,ACCESSOIRES,SPATULE,,,Alu,,,,,,0,0,,,,,,0,,Enlever le dibon
,,STD ALUVISION,ACCESSOIRES,OMNI-55 90° WALL REINFORCEMENT,,,,,,,,,0,0,,,,,,0,,UGAP
,,STD ALUVISION,ACCESSOIRES,CEILING REINFORCEMENT,,,,,,,,,0,0,,,,,,0,,UGAP
,,STD ALUVISION,ACCESSOIRES,Bouclette,,,,,,,,,0,0,,,,,,0,,
,,STD ALUVISION,ACCESSOIRES,grattoune,,,,,,,,,0,0,,,,,,0,,
,,STD ALUVISION,ACCESSOIRES,SHELF HOLDERS (Kit de 2 consoles),,,,,,,,,0,0,,,,,,0,,
,,STD ALUVISION,ACCESSOIRES,COVER OMNI-55 R437 RENFORCEMENT V2 L,,,,,,,,,0,0,,,,,,0,,
,,STD ALUVISION,ACCESSOIRES,D30 INTERNAL CEILING REINFORCE. Z,,,,,,,,,0,0,,,,,,0,,UGAP
,,STD ALUVISION,ACCESSOIRES,RENFORT CLOISON AGGLO,Agglo / Méla / Contreplaqué,986 x mini 800mm,,,,,,,0,0,,,,,,0,"Fixer Ecrans, Tablettes, Niches",
,,STD ALUVISION,ACCESSOIRES,RENFORT CLOISON AGGLO,Agglo / Méla / Contreplaqué,793 x mini 500mm,,,,,,,0,0,,,,,,0,"Fixer Ecrans, Tablettes, Niches",
,,STD ALUVISION,ACCESSOIRES,RENFORT CLOISON AGGLO,Agglo / Méla / Contreplaqué,855 x mini 500mm,,,,,,,0,0,,,,,,0,"Fixer Ecrans, Tablettes, Niches",
,,STD ALUVISION,ACCESSOIRES,RENFORT CLOISON AGGLO,Agglo / Méla / Contreplaqué,986 x 1000mm,,,,,,,0,0,,,,,,0,,
,,STD ALUVISION,ACCESSOIRES,RENFORT CLOISON AGGLO,Agglo / Méla / Contreplaqué,357 x mini 1200mm,,,,,,,0,0,,,,,,0,"Fixer Ecrans, Tablettes, Niches",
64 04 0001 K,,STD ALUVISION,ACCESSOIRES,PASSE-CABLES ROND,A encastré,,NOIR,,,,,,0,0,,,,,,0,,
,,STD ALUVISION,MOBILIER,PLATEAU irrijardin ,Mela 19mm, 750x750mm,Blanc,,,,,,0,0,,,,,,0,,
,,STD ALUVISION,MOBILIER,ETAGERE ,Mela 19mm,496x400 (Max 490x490mm),Blanc,,,,,,0,0,,,,,,0,,
,,STD MOD,MOBILIER,COMPTOIR 2 ML,,2000,Blanc,,,,,,0,0,,,,,,0,,
,,STD MOD,MOBILIER,COMPTOIR 3 ML,,3000,Blanc,,,,,,0,0,,,,,,0,,
,,STD MOD,MOBILIER,COMPTOIR 4 ML,,4000,Blanc,,,,,,0,0,,,,,,0,,
,,STD MOD,MOBILIER,COMPTOIR 6 ML,,5000,Blanc,,,,,,0,0,,,,,,0,,
,,STD MOD,MOBILIER,COMPTOIR 6 ML,,6000,Blanc,,,,,,0,0,,,,,,0,,
,,STD MOD,MOBILIER,COMPTOIR 7 ML,,7000,Blanc,,,,,,0,0,,,,,,0,,
,,STD MOD,MOBILIER,COMPTOIR DECOUPE,,,Vert,,,,,,0,0,,,,,,0,,
,,STD MOD,MOBILIER,COMPTOIR GOUTTE,,,Blanc,,,,,,0,0,,,,,,0,,
,,STD MOD,MOBILIER,ETAGERE COMPTOIR,,,,,,,,,0,0,,,,,,0,,
,,STD MOD,MOBILIER,PLATEAUX DÉBORDANT 3 CHANTS,,,,,,,,,0,0,,,,,14,14,,
,,STD MOD,MOBILIER,PLATEAUX DÉBORDANT 2 CHANTS,,,,,,,,,0,0,,,,,10,10,,
,,STD MOD,MOBILIER,PLATEAUX DÉBORDANT,,6100x600,Blanc,,,,,,0,0,,,,,,0,,
,,STD MOD,MOBILIER,PLATEAUX DÉBORDANT,,750x600,Blanc,,,,,,0,0,,,,,2,2,,
,,STD MOD,MOBILIER,PLATEAUX DÉBORDANT,Millieu,900x600,Blanc,,,,,,0,0,,,,,2,2,,
,,STD MOD,MOBILIER,PLATEAUX DÉBORDANT,Cotés,1100x600,Blanc,,,,,,0,0,,,,,13,13,,
,,STD MOD,MOBILIER,PLATEAUX EN L,,,Orange,,,,,,0,0,,,,,,0,,
,,STD MOD,MOBILIER,PLATEAUX EN L,,,Bleu/Vert,,,,,,0,0,,,,,,0,,
,,STD MOD,MOBILIER,PLATEAUX ENCASTRÉ,,470x470,Blanc,,,,,,0,0,,,,,57,57,,
,,STD MOD,MOBILIER,PLATEAUX ENCASTRÉ,,965x470,Blanc,,,,,,0,0,,,,,183,183,,
,,STD MOD,MOBILIER,PLATEAUX ENCASTRÉ,,965x965,Blanc,,,,,,0,0,,,,,10,10,,
,,STD MOD,MOBILIER,PLATEAUX ENCASTRÉ,,965X300,Blanc,,,,,,0,0,,,,,4,4,,
,,STD MOD,PLAQUES,PLAQUE MELAMINE Blanc,,2401x955,Blanc,,,,,,0,0,,,,,1043,1043,,
,,STD MOD,PLAQUES,PLAQUE MELAMINE Blanc,,2401x460,Blanc,,,,,,0,0,,,,,83,83,,
,,STD MOD,PLAQUES,PLAQUE MELAMINE Blanc,,2401x665,Blanc,,,,,,0,0,,,,,,0,,
,,STD MOD,PLAQUES,PLAQUE MELAMINE Blanc,,1900x955,Blanc,,,,,,0,0,,,,,85,85,,
,,STD MOD,PLAQUES,PLAQUE MELAMINE Blanc,,1900x460,Blanc,,,,,,0,0,,,,,,0,,
,,STD MOD,PLAQUES,PLAQUE MELAMINE Blanc,,1050x955,Blanc,,,,,,0,0,,,,,65,65,,
,,STD MOD,PLAQUES,PLAQUE MELAMINE Blanc,,1050x460,Blanc,,,,,,0,0,,,,,145,145,,
,,STD MOD,PLAQUES,PLAQUE MELAMINE Blanc,,1005X460,Blanc,,,,,,0,0,,,,,35,35,,
,,STD MOD,PLAQUES,PLAQUE MELAMINE Blanc,,648x955,Blanc,,,,,,0,0,,,,,,0,,
,,STD MOD,PLAQUES,PLAQUE MELAMINE Blanc,,950x955,Blanc,,,,,,0,0,,,,,25,25,,
,,STD MOD,PLAQUES,PLAQUE MELAMINE Blanc,,648x460,Blanc,,,,,,0,0,,,,,,0,,
,,STD MOD,PLAQUES,PLAQUE MELAMINE Blanc,,950x460,Blanc,,,,,,0,0,,,,,28,28,,
,,STD MOD,PLAQUES,PLAQUE MELAMINE Blanc,,1945x950,Blanc,,,,,,0,0,,,,,25,25,,
,,STD MOD,PLAQUES,PLAQUE MELAMINE Blanc,,920x460,Blanc,,,,,,0,0,,,,,,0,,
,,STD MOD,PLAQUES,PLAQUE MELAMINE Blanc,,1945x920,Blanc,,,,,,0,0,,,,,,0,,
,,STD MOD,PLAQUES,PLAQUE MELAMINE Blanc,,920x460,Blanc,,,,,,0,0,,,,,,0,,
,,STD MOD,PLAQUES,PLAQUE MELAMINE Blanc,,955x720 ,Blanc,,,,,,0,0,,,,,,0,,
,,STD MOD,PLAQUES,PLAQUE MELAMINE Blanc,,955x420,Blanc,,,,,,0,0,,,,,,0,,
,,STD MOD,PLAQUES,PLAQUE MELAMINE Hêtre,,1050x460,Hetre clair,,,,,,0,0,,,,,,0,,
,,STD MOD,PLAQUES,PLAQUE MELAMINE Hêtre,,1050x955,Hetre clair,,,,,,0,0,,,,,4,4,,
,,STD MOD,PLAQUES,PLAQUE MELAMINE Hêtre,,1939x327,Hetre clair,,,,,,0,0,,,,,30,30,,
,,STD MOD,PLAQUES,PLAQUE MELAMINE Hêtre,,2401x261,Hetre clair,,,,,,0,0,,,,,30,30,,
,,STD MOD,PLAQUES,PLAQUE MELAMINE Hêtre,,2401x460,Hetre clair,,,,,,0,0,,,,,30,30,,
,,STD MOD,PLAQUES,PLAQUE MELAMINE Hêtre,,2401x665,Hetre clair,,,,,,0,0,,,,,,0,,
,,STD MOD,PLAQUES,PLAQUE MELAMINE Hêtre,,2401x955,Hetre clair,,,,,,0,0,,,,,2524,2524,,
,,STD MOD,PORTES,PORTE DOUBLE BATTANTE,,,Blanc,,,,,,0,0,,,,,6,6,,
,,STD MOD,PORTES,PORTE DOUBLE BATTANTE,,,Hetre clair,,,,,,0,0,,,,,16,16,,
,,STD MOD,PORTES,PORTE SIMPLE AVEC POIGNEE,Poussant Droit,945,Blanc,,,,,,0,0,,,,,2,2,,
,,STD MOD,PORTES,PORTE SIMPLE SANS POIGNEE,Poussant Droit,945,Blanc,,,,,,0,0,,,,,18,18,,
,,STD MOD,PORTES,PORTE SIMPLE AVEC POIGNEE,Poussant Gauche,945,Blanc,,,,,,0,0,,,,,,0,,
,,STD MOD,PORTES,PORTE SIMPLE SANS POIGNEE,Poussant Gauche,945,Blanc,,,,,,0,0,,,,,,0,,
,,STD MOD,PORTES,PORTE SIMPLE AVEC POIGNEE,Poussant Droit,945,Hetre clair,,,,,,0,0,,,,,26,26,,
,,STD MOD,PORTES,PORTE SIMPLE SANS POIGNEE,Poussant Droit,945,Hetre clair,,,,,,0,0,,,,,239,239,,
,,STD MOD,PORTES,PORTE SIMPLE AVEC POIGNEE,Poussant Gauche,945,Hetre clair,,,,,,0,0,,,,,,0,,
,,STD MOD,PORTES,PORTE SIMPLE SANS POIGNEE,Poussant Gauche,945,Hetre clair,,,,,,0,0,,,,,,0,,
,,STD MOD,PORTES,PORTE SIMPLE IMPOST AVEC POIGNEE,Poussant Droit,945,Blanc,,,,,,0,0,,,,,,0,,
,,STD MOD,PORTES,PORTE SIMPLE IMPOST SANS POIGNEE,Poussant Droit,945,Blanc,,,,,,0,0,,,,,,0,,
,,STD MOD,PORTES,PORTE SIMPLE IMPOST AVEC POIGNEE,Poussant Gauche,945,Blanc,,,,,,0,0,,,,,,0,,
,,STD MOD,PORTES,PORTE SIMPLEIMPOST  SANS POIGNEE,Poussant Gauche,945,Blanc,,,,,,0,0,,,,,,0,,
,,STD MOD,PORTES,PORTE SIMPLE IMPOST AVEC POIGNEE,Poussant Droit,945,Hetre clair,,,,,,0,0,,,,,,0,,
,,STD MOD,PORTES,PORTE SIMPLE IMPOST SANS POIGNEE,Poussant Droit,945,Hetre clair,,,,,,0,0,,,,,,0,,
,,STD MOD,PORTES,PORTE SIMPLE IMPOST AVEC POIGNEE,Poussant Gauche,945,Hetre clair,,,,,,0,0,,,,,,0,,
,,STD MOD,PORTES,PORTE SIMPLE IMPOST SANS POIGNEE,Poussant Gauche,945,Hetre clair,,,,,,0,0,,,,,,0,,
,,STD MOD,POTEAUX,PX ALU,,2500,Alu,,,,,,0,0,,,,,2890,2890,,
,,STD MOD,POTEAUX,PX ALU,,2000,Alu,,,,,,0,0,,,,,143,143,,
,,STD MOD,POTEAUX,PX ALU,,1500,Alu,,,,,,0,0,,,,,254,254,,
,,STD MOD,POTEAUX,PX ALU,,1150,Alu,,,,,,0,0,,,,,,0,,
,,STD MOD,POTEAUX,PX ALU,,1050,Alu,,,,,,0,0,,,,,,0,,
,,STD MOD,POTEAUX,PX ALU,3 Gorges,1050,Alu,,,,,,0,0,,,,,58,58,,
,,STD MOD,POTEAUX,PX ALU,5 Gorges,1050,Alu,,,,,,0,0,,,,,10,10,,
,,STD MOD,POTEAUX,PX ALU,8 Gorges,1050,,,,,,,0,0,,,,,44,44,,
,,STD MOD,POTEAUX,PX ALU,,1000,Alu,,,,,,0,0,,,,,60,60,,
,,STD MOD,POTEAUX,PX ALU,,800,Alu,,,,,,0,0,,,,,,0,,
,,STD MOD,POTEAUX,PX ALU,,500,Alu,,,,,,0,0,,,,,31,31,,
,,STD MOD,POTEAUX,PX ALU,,300,Alu,,,,,,0,0,,,,,45,45,,
,,STD MOD,POTEAUX,PX ALU,,45,Alu,,,,,,0,0,,,,,35,35,,
,,STD MOD,POTEAUX,PX ALU,,300,Alu,,,,,,0,4,,,,,,-4,,
,,STD MOD,POTEAUX,PX ALU MANCHONS,Manchons,,Alu,,,,,,0,0,,,,,182,182,,
,,STD MOD,QUINCAILLERIE,ACCROCHE RESILLE,,,,,,,,,0,0,,,,,154,154,,
,,STD MOD,QUINCAILLERIE,CACHE POTEAUX CPX,,,,,,,,,0,0,,,,,307,307,,
,,STD MOD,QUINCAILLERIE,CLES SERRURE PORTES AVEC POINGNEE,,,,,,,,,0,0,,,,,,0,,
,,STD MOD,QUINCAILLERIE,CLES SERRURE PORTES SANS POINGNEE,,,,,,,,,0,0,,,,,,0,,
,,STD MOD,QUINCAILLERIE,EQUERRE ALU 1002,,,,,,,,,0,0,,,,,300,300,,
,,STD MOD,QUINCAILLERIE,EQUERRES,Equerres,,,,,,,,0,0,,,,,,0,,
,,STD MOD,QUINCAILLERIE,FERS PLATS,,,,,,,,,0,0,,,,,592,592,,
,,STD MOD,QUINCAILLERIE,PLATINES LEGERES,,,,,,,,,0,0,,,,,77,77,,
,,STD MOD,QUINCAILLERIE,POIGNEE DE PORTE,,,,,,,,,0,0,,,,,,0,,
,,STD MOD,QUINCAILLERIE,RACCORD D'ANGLE PSA,,,,,,,,,0,0,,,,,138,138,,
,,STD MOD,QUINCAILLERIE,SUPPORT PLATEAU SD19,,,,,,,,,0,0,,,,,800,800,,
,,STD MOD,QUINCAILLERIE,TAQUETS POUR ETAGERE,,,,,,,,,0,0,,,,,,0,,
,,STD MOD,REMPLISSAGE,GRILLE PERFOREE,,950x955,Alu,,,,,,0,0,,,,,,0,,
,,STD MOD,REMPLISSAGE,GRILLE PERFOREE,,950x460,Alu,,,,,,0,0,,,,,,0,,
,,STD MOD,REMPLISSAGE,PLAQUE POLYCARBONATE,,2401x957,Transparent,,,,,,0,0,,,,,7,7,,
,,STD MOD,REMPLISSAGE,PLAQUE POLYCARBONATE,,2401x460,Transparent,,,,,,0,0,,,,,65,65,,
,,STD MOD,REMPLISSAGE,PLAQUE POLYCARBONATE,,1900x955,Transparent,,,,,,0,0,,,,,24,24,,
,,STD MOD,REMPLISSAGE,PLAQUE POLYCARBONATE,,955x955,Transparent,,,,,,0,0,,,,,,0,,
,,STD MOD,REMPLISSAGE,PLAQUE POLEXIGLAS,,1315x955,Transparent,,,,,,0,0,,,,,35,35,,
,,STD MOD,REMPLISSAGE,PLAQUE POLEXIGLAS,,1000x955,Transparent,,,,,,0,0,,,,,4,4,,
,,STD MOD,REMPLISSAGE,PLAQUE PVC Blanc,Cintré blanc épaisseur 3mm,950x745,Blanc,,,,,,0,0,,,,,,0,,
,,STD MOD,REMPLISSAGE,TISSU FILANDRE Blanc,,2401x450,Blanc,,,,,,0,0,,,,,,0,,
,,STD MOD,TRAVERSES,PH ALU,,4412,Alu,,,,,,0,0,,,,,10,10,,
,,STD MOD,TRAVERSES,PH ALU,,4157,Alu,,,,,,0,0,,,,,131,131,,
,,STD MOD,TRAVERSES,PH ALU,,3916,Alu,,,,,,0,0,,,,,122,122,,
,,STD MOD,TRAVERSES,PH ALU,,2926,Alu,,,,,,0,0,,,,,1178,1178,,
,,STD MOD,TRAVERSES,PH ALU,,2756,Alu,,,,,,0,0,,,,,43,43,,
,,STD MOD,TRAVERSES,PH ALU,,2430,Alu,,,,,,0,0,,,,,39,39,,
,,STD MOD,TRAVERSES,PH ALU,,1935,Alu,,,,,,0,0,,,,,342,342,,
,,STD MOD,TRAVERSES,PH ALU,,1790,Alu,,,,,,0,0,,,,,17,17,,
,,STD MOD,TRAVERSES,PH ALU,,1440,Alu,,,,,,0,0,,,,,18,18,,
,,STD MOD,TRAVERSES,PH ALU,,1356,Alu,,,,,,0,0,,,,,45,45,,
,,STD MOD,TRAVERSES,PH ALU,,945,Alu,,,,,,0,0,,,,,5904,5904,,
,,STD MOD,TRAVERSES,PH ALU,,655,Alu,,,,,,0,0,,,,,77,77,,
,,STD MOD,TRAVERSES,PH ALU,,450,Alu,,,,,,0,0,,,,,589,589,,
,,STD MOD,TRAVERSES,PH ALU,,310,Alu,,,,,,0,0,,,,,13,13,,
,,STD MOD,TRAVERSES,PH ALU,,249,Alu,,,,,,0,0,,,,,32,32,,
,,STD MOD,TRAVERSES,PH ALU,,90,Alu,,,,,,0,0,,,,,30,30,,
,,STD MOD,TRAVERSES,PH ALU,,45,Alu,,,,,,0,0,,,,,180,180,,
,,STD MOD,TRAVERSES,PH ALU BRACON,,,Alu,,,,,,0,0,,,,,14,14,,
,,STD MOD,TRAVERSES,PH ALU CINTRE,,2700,Alu,,,,,,0,0,,,,,6,6,,
,,STD MOD,TRAVERSES,PH ALU CINTRE,,655,Alu,,,,,,0,0,,,,,20,20,,
,,STD TRAD,ACCESSOIRS,CORNIERE CARTON,,2500,carton,,,,,,0,0,,,,,,0,,
,,STD TRAD,CLOISONS,CLOISONS BOIS,,2500x3000,,,,,,,0,0,,,,,50,50,,
,,STD TRAD,CLOISONS,CLOISONS BOIS,,2500x2000,,,,,,,0,0,,,,,40,40,,
,,STD TRAD,CLOISONS,CLOISONS BOIS,,2500x1000,,,,,,,0,0,,,,,138,138,,
,,STD TRAD,CLOISONS,CLOISONS BOIS,,2500x500,,,,,,,0,0,,,,,39,39,,
,,STD TRAD,CLOISONS,CLOISONS BOIS,,2000x1000,,,,,,,0,0,,,,,8,8,,
,,STD TRAD,CLOISONS,CLOISONS BOIS,,2000 x 500,,,,,,,0,0,,,,,3,3,,
,,STD TRAD,CLOISONS,CLOISONS BOIS,,1500x1000,,,,,,,0,0,,,,,30,30,,
,,STD TRAD,CLOISONS,CLOISONS BOIS,,1000x1000,,,,,,,0,0,,,,,10,10,,
,,STD TRAD,CLOISONS,CLOISONS BOIS,,1000x500,,,,,,,0,0,,,,,10,10,,
,,STD TRAD,CLOISONS,CLOISONS BOIS,,1000x400,,,,,,,0,0,,,,,4,4,,
,,STD TRAD,CLOISONS,CLOISONS BOIS,,1500x500,,,,,,,0,0,,,,,1,1,,
,,STD TRAD,PORTES,PORTE SIMPLE POUSSANT DROIT,,,,,,,,,0,0,,,,,11,11,,
,,STD TRAD,PORTES,PORTE SIMPLE POUSSANT GAUCHE,,,,,,,,,0,0,,,,,11,11,,
,,STD TRAD,QUINCAILLERIE,BAGUETTE CP 5mm Bas / pièce,,2500,,,,,,,0,0,,,,,,0,,
,,STD TRAD,QUINCAILLERIE,BAGUETTE CP 5mm Haut / pièce,,2500,,,,,,,0,0,,,,,,0,,
,,STD TRAD,QUINCAILLERIE,CLES + BARRILETS,,,,,,,,,0,0,,,,,,0,,
,,STD TRAD,QUINCAILLERIE,CLOUS,,,,,,,,,0,0,,,,,,0,,
,,STD TRAD,QUINCAILLERIE,EQUERRES CLOISONS (SOL),,,,,,,,,0,0,,,,,7,7,,
,,STD TRAD,QUINCAILLERIE,EQUERRES PETITES,,,,,,,,,0,0,,,,,,0,,
,,STD TRAD,QUINCAILLERIE,FERS PLATS,,,,,,,,,0,0,,,,,,0,,
,,STD TRAD,QUINCAILLERIE,POIGNEE DE PORTE,,,,,,,,,0,0,,,,,14,14,,
,,STD TRAD,QUINCAILLERIE,TASSEAU 28x28 (ml),,,,,,,,,0,0,,,,,,0,,
,,STD TRAD,QUINCAILLERIE,TASSEAU 60x40 (ml),,,,,,,,,0,0,,,,,,0,,
,,STD TRAD,QUINCAILLERIE,VIS 4x35,,,,,,,,,0,0,,,,,,0,,
